-- MySQL dump 10.13  Distrib 8.0.33, for Win64 (x86_64)
--
-- Host: 34.126.180.4    Database: aori
-- ------------------------------------------------------
-- Server version	8.0.41-google

/*!40101 SET @OLD_CHARACTER_SET_CLIENT=@@CHARACTER_SET_CLIENT */;
/*!40101 SET @OLD_CHARACTER_SET_RESULTS=@@CHARACTER_SET_RESULTS */;
/*!40101 SET @OLD_COLLATION_CONNECTION=@@COLLATION_CONNECTION */;
/*!50503 SET NAMES utf8mb4 */;
/*!40103 SET @OLD_TIME_ZONE=@@TIME_ZONE */;
/*!40103 SET TIME_ZONE='+00:00' */;
/*!40014 SET @OLD_UNIQUE_CHECKS=@@UNIQUE_CHECKS, UNIQUE_CHECKS=0 */;
/*!40014 SET @OLD_FOREIGN_KEY_CHECKS=@@FOREIGN_KEY_CHECKS, FOREIGN_KEY_CHECKS=0 */;
/*!40101 SET @OLD_SQL_MODE=@@SQL_MODE, SQL_MODE='NO_AUTO_VALUE_ON_ZERO' */;
/*!40111 SET @OLD_SQL_NOTES=@@SQL_NOTES, SQL_NOTES=0 */;
SET @MYSQLDUMP_TEMP_LOG_BIN = @@SESSION.SQL_LOG_BIN;
SET @@SESSION.SQL_LOG_BIN= 0;

--
-- GTID state at the beginning of the backup 
--

SET @@GLOBAL.GTID_PURGED=/*!80000 '+'*/ '7bd6127c-a06a-11f0-841c-42010a400003:1-4730';

--
-- Table structure for table `category`
--

DROP TABLE IF EXISTS `category`;
/*!40101 SET @saved_cs_client     = @@character_set_client */;
/*!50503 SET character_set_client = utf8mb4 */;
CREATE TABLE `category` (
  `category_id` varchar(36) NOT NULL DEFAULT (uuid()),
  `category_code` varchar(20) NOT NULL,
  `category_name` varchar(100) NOT NULL,
  `broad_category_id` enum('Men','Women','Girls','Boys','Unisex') NOT NULL,
  `slug` varchar(100) DEFAULT NULL,
  PRIMARY KEY (`category_id`),
  UNIQUE KEY `category_code` (`category_code`)
) ENGINE=InnoDB DEFAULT CHARSET=utf8mb4 COLLATE=utf8mb4_0900_ai_ci;
/*!40101 SET character_set_client = @saved_cs_client */;

--
-- Dumping data for table `category`
--

/*!40000 ALTER TABLE `category` DISABLE KEYS */;
INSERT INTO `category` VALUES ('1420d2ef-d5fd-5c1b-b54c-08dfe1a09b68','CAT-WOM-05','Women Accessories','Women','women-accessories'),('34bcca30-1c8f-5a9c-a0f5-03805c4d9f90','CAT-MEN-03','Men Outerwear','Men','men-outerwear'),('557ce3a7-2fa8-5137-bdf9-258194f1fac2','CAT-UNI-02','Unisex Loungewear','Unisex','unisex-loungewear'),('80b36018-898d-5d01-93c2-864b1bea13fb','CAT-WOM-01','Women Bottoms','Women','women-bottoms'),('872e8fc3-4913-5723-be65-9ba332a8bc0b','CAT-MEN-01','Men Bottoms','Men','men-bottoms'),('9c3b9b6a-2319-52ba-ac5a-68f9345d64fa','CAT-MEN-04','Men Loungewear','Men','men-loungewear'),('a81a3f7f-9140-599c-813e-301024518ba0','CAT-UNI-03','Unisex Accessories','Unisex','unisex-accessories'),('b55b90c3-8ba7-550f-a1f4-818b7639c403','CAT-WOM-02','Women Tops','Women','women-tops'),('b8c50e3f-5e59-5177-adac-43061cf359be','CAT-MEN-05','Men Accessories','Men','men-accessories'),('ba19a845-7874-5aae-8a21-55a3dd7faf3a','CAT-MEN-02','Men Tops','Men','men-tops'),('d56ea216-65b1-5726-a5e4-d59b98ad0959','CAT-UNI-01','Unisex Tops','Unisex','unisex-tops'),('e9f387dd-5a32-5647-a4c6-8d9d3ae2982d','CAT-WOM-03','Women Outerwear','Women','women-outerwear'),('edf5cf71-b88c-5e05-9f42-010f36e1b352','CAT-WOM-04','Women Loungewear','Women','women-loungewear');
/*!40000 ALTER TABLE `category` ENABLE KEYS */;

--
-- Table structure for table `customer`
--

DROP TABLE IF EXISTS `customer`;
/*!40101 SET @saved_cs_client     = @@character_set_client */;
/*!50503 SET character_set_client = utf8mb4 */;
CREATE TABLE `customer` (
  `customer_id` varchar(36) NOT NULL DEFAULT (uuid()),
  `first_name` varchar(50) NOT NULL,
  `last_name` varchar(50) NOT NULL,
  `email` varchar(255) NOT NULL,
  `password` varchar(255) NOT NULL,
  `phone_number` varchar(15) DEFAULT NULL,
  `gender` varchar(255) DEFAULT NULL,
  `date_of_birth` date DEFAULT NULL,
  `created_at` timestamp NULL DEFAULT CURRENT_TIMESTAMP,
  `updated_at` timestamp NULL DEFAULT NULL ON UPDATE CURRENT_TIMESTAMP,
  PRIMARY KEY (`customer_id`),
  UNIQUE KEY `email` (`email`),
  CONSTRAINT `customer_chk_1` CHECK ((regexp_like(`first_name`,_utf8mb4'^[A-Za-z]+$') and regexp_like(`last_name`,_utf8mb4'^[A-Za-z]+$'))),
  CONSTRAINT `customer_chk_2` CHECK ((`date_of_birth` < `created_at`))
) ENGINE=InnoDB DEFAULT CHARSET=utf8mb4 COLLATE=utf8mb4_0900_ai_ci;
/*!40101 SET character_set_client = @saved_cs_client */;

--
-- Dumping data for table `customer`
--

/*!40000 ALTER TABLE `customer` DISABLE KEYS */;
INSERT INTO `customer` VALUES ('07532ea4-8954-5e60-86da-c1b7844e0a7f','John','lee','john@example.com','SecurePass123!','+6586671234','Male','1993-01-24','2025-05-21 17:22:33','2025-10-16 10:33:00'),('15277ce0-96b1-4832-a04e-a0e7dc0d7352','John','Doe','qw1ki@gmail.com','11111111',NULL,NULL,NULL,'2025-10-11 19:14:50','2025-10-11 19:14:50'),('1fbe213d-f416-56ea-8bc1-bfbdf319ae7c','Haruto','Ito','haruto.ito4@example.sg','SecurePass234!','+65 82721135','Male','2002-10-03','2025-08-24 17:05:47','2025-10-10 08:45:57'),('22b3e960-bc5f-4c33-a6df-a87f6bc73b82','testuser','test','test@exmple.com','11111111',NULL,NULL,NULL,'2025-10-16 14:36:53','2025-10-16 14:36:53'),('2451de55-0ece-50ec-b7a7-9702c32ceda6','Jia','Tan','jia.tan7@example.sg','SecurePass345!','+65 82664863','Female','1999-06-20','2025-06-06 04:40:50','2025-10-10 08:45:57'),('30209cca-0e01-4ad3-8a89-198f3996c520','testusers','test','test1@exmple.com','11111111','+6583456111','Male','2025-10-07','2025-10-16 14:42:22','2025-10-16 14:54:47'),('452105f0-c18e-5344-bc91-699a39d74721','Jia','Rahman','jia.rahman1@example.sg','SecurePass456!','+65 88939993','Non_binary','2009-02-01','2025-07-01 21:11:54','2025-10-15 03:27:54'),('463be7b3-0e32-4832-b6da-5798d56b228c','John','Doe','john1@example.com','SecurePass123!','+6591234567','Male','1995-03-15','2025-10-11 18:58:22','2025-10-11 18:58:22'),('70242221-239c-5c97-bd98-9f7fd53a2d1b','Noah','Ito','noah.ito0@example.sg','SecurePass567!','+65 85031966','Undisclosed','2012-01-07','2025-08-16 11:17:22','2025-10-10 08:45:57'),('8d86dab7-9d80-5d83-8608-2546adaa918d','Lucas','Lee','lucas.lee10@example.sg','SecurePass678!','+65 85842082','Undisclosed','1995-07-31','2025-08-24 10:34:54','2025-10-10 08:45:57'),('93e46beb-959e-4f7f-8e72-c37f524cabfd','QWQ','FUBUKI','aa@qq.dd','11111111',NULL,NULL,NULL,'2025-10-13 11:23:59','2025-10-13 11:23:59'),('a1c76ffc-f2df-54f2-b192-e6cadb5e18ef','Noah','Ito','noah.ito8@example.sg','SecurePass789!','+65 88883823','Non_binary','1991-06-19','2025-05-24 07:30:53','2025-10-15 03:27:54'),('b561a811-b665-50a1-9992-2a500b104766','Sana','Rahman','sana.rahman2@example.sg','SecurePass890!','+65 83005795','Female','1998-08-05','2025-05-18 10:51:03','2025-10-10 08:45:57'),('ba97ad88-238f-411d-b469-283b89fa776b','Johneaa','Doe','qwki@gmail.com','Aaa111!11','+6583456111','Male','2025-10-07','2025-10-11 19:11:39','2025-10-15 23:30:32'),('bf45acae-a308-59fa-a0a5-52c762a188d4','Sana','Ng','sana.ng3@example.sg','SecurePass123!','+65 84816534','Non_binary','1998-01-18','2025-06-20 19:20:17','2025-10-15 03:27:54'),('c65c61cc-68ec-430b-95b4-b51e06fcf0c7','Brunch','anna','113612015@qq.com','123456789zjy',NULL,NULL,NULL,'2025-10-14 11:49:10','2025-10-14 11:49:10'),('d23352a4-7670-5720-b59f-29da484fdc70','Jia','Tan','jia.tan11@example.sg','SecurePass123!','+65 88248238','Non_binary','2001-03-26','2025-03-05 11:04:41','2025-10-15 03:27:54'),('e00bbec4-ebac-5de1-b7de-5e174bb7ba4b','Sana','Singh','sana.singh6@example.sg','SecurePass123!','+65 87982241','Female','2013-06-10','2025-07-21 03:22:48','2025-10-10 08:45:57'),('e6bb88a9-9ac7-5752-88ae-e7bef4ca9a8f','Hana','Singh','hana.singh5@example.sg','SecurePass123!','+65 82096280','Undisclosed','2012-01-22','2025-03-24 04:29:45','2025-10-10 08:45:57'),('e6c0b505-f25b-4101-8672-817efb285a33','Johneaa','Doe','qwqfubuki@gmail.com','11111111',NULL,NULL,NULL,'2025-10-16 14:02:00','2025-10-16 14:02:00'),('fd30e2b4-835b-469a-a447-0445cfc5674e','Johneaa','Doe','example@aa.com','11111111',NULL,NULL,NULL,'2025-10-16 14:28:34','2025-10-16 14:28:34');
/*!40000 ALTER TABLE `customer` ENABLE KEYS */;

--
-- Table structure for table `customer_address`
--

DROP TABLE IF EXISTS `customer_address`;
/*!40101 SET @saved_cs_client     = @@character_set_client */;
/*!50503 SET character_set_client = utf8mb4 */;
CREATE TABLE `customer_address` (
  `address_id` varchar(36) NOT NULL DEFAULT (uuid()),
  `customer_id` varchar(36) NOT NULL,
  `recipient_name` varchar(100) NOT NULL,
  `phone_number` varchar(15) DEFAULT NULL,
  `address_line1` varchar(255) NOT NULL,
  `address_line2` varchar(255) DEFAULT NULL,
  `city` varchar(100) NOT NULL,
  `postal_code` varchar(20) NOT NULL,
  `country` varchar(100) NOT NULL,
  `is_billing` tinyint(1) NOT NULL DEFAULT '0',
  `is_default` tinyint(1) NOT NULL DEFAULT '0',
  `created_at` timestamp NULL DEFAULT CURRENT_TIMESTAMP,
  PRIMARY KEY (`address_id`),
  KEY `customer_id` (`customer_id`),
  CONSTRAINT `customer_address_ibfk_1` FOREIGN KEY (`customer_id`) REFERENCES `customer` (`customer_id`)
) ENGINE=InnoDB DEFAULT CHARSET=utf8mb4 COLLATE=utf8mb4_0900_ai_ci;
/*!40101 SET character_set_client = @saved_cs_client */;

--
-- Dumping data for table `customer_address`
--

/*!40000 ALTER TABLE `customer_address` DISABLE KEYS */;
INSERT INTO `customer_address` VALUES ('0038cde9-1519-5a6c-8dba-990821d23cc9','2451de55-0ece-50ec-b7a7-9702c32ceda6','Jia Tan','+65 82664863','161 Orchard Rd','Unit #31-178','Singapore','678805','Singapore',1,1,'2025-10-10 05:16:59'),('00904ef8-687a-5fc6-95f8-2051deb0a1f3','8d86dab7-9d80-5d83-8608-2546adaa918d','Lucas Lee','+65 85842082','717 Orchard Rd','Unit #52-966','Singapore','385470','Singapore',0,1,'2025-10-10 05:16:59'),('06610d1d-86b8-53dc-8d61-b7c04b148404','d23352a4-7670-5720-b59f-29da484fdc70','Jia Tan','+65 88248238','985 Orchard Rd','Unit #87-857','Singapore','703139','Singapore',1,1,'2025-10-10 05:16:59'),('1f243890-031b-520a-980f-2b1fe785613f','70242221-239c-5c97-bd98-9f7fd53a2d1b','Noah Ito','+65 85031966','96 Orchard Rd','Unit #38-227','Singapore','524045','Singapore',1,1,'2025-10-10 05:16:59'),('295fca24-97ef-5266-9774-e14c1a8fb461','bf45acae-a308-59fa-a0a5-52c762a188d4','Sana Ng','+65 84816534','547 Orchard Rd','Unit #17-281','Singapore','147726','Singapore',1,1,'2025-10-10 05:16:59'),('45a61a35-bf53-5b34-9c17-8ed44812bc4f','e6bb88a9-9ac7-5752-88ae-e7bef4ca9a8f','Hana Singh','+65 82096280','703 Orchard Rd','Unit #07-156','Singapore','256445','Singapore',0,1,'2025-10-10 05:16:59'),('4fdc64ea-f50a-5108-987f-3aafd1193dcd','b561a811-b665-50a1-9992-2a500b104766','Sana Rahman','+65 83005795','284 Orchard Rd','Unit #93-604','Singapore','897135','Singapore',0,1,'2025-10-10 05:16:59'),('8d22b032-8b11-59c9-ae84-81f3d582ef80','1fbe213d-f416-56ea-8bc1-bfbdf319ae7c','Haruto Ito','+65 82721135','349 Orchard Rd','Unit #24-989','Singapore','153872','Singapore',0,1,'2025-10-10 05:16:59'),('96893e9f-ece9-583c-8193-5062c9db2259','a1c76ffc-f2df-54f2-b192-e6cadb5e18ef','Noah Ito','+65 88883823','290 Orchard Rd','Unit #90-881','Singapore','576086','Singapore',1,1,'2025-10-10 05:16:59'),('b7f782c1-ca4c-5909-ad02-9155dad466e3','07532ea4-8954-5e60-86da-c1b7844e0a7f','John Doe','+65 84318855','931 Orchard Rd','Unit #35-847','Singapore','249145','Singapore',1,1,'2025-10-10 05:16:59'),('bb87a354-89c1-5f5a-8f7d-4797f6b6b2c2','e00bbec4-ebac-5de1-b7de-5e174bb7ba4b','Sana Singh','+65 87982241','454 Orchard Rd','Unit #39-881','Singapore','717113','Singapore',0,1,'2025-10-10 05:16:59'),('e2ea560d-3180-5795-89bc-0206ccc2e45f','452105f0-c18e-5344-bc91-699a39d74721','Jia Rahman','+65 88939993','465 Orchard Rd','Unit #35-314','Singapore','363615','Singapore',1,1,'2025-10-10 05:16:59');
/*!40000 ALTER TABLE `customer_address` ENABLE KEYS */;

--
-- Table structure for table `employee`
--

DROP TABLE IF EXISTS `employee`;
/*!40101 SET @saved_cs_client     = @@character_set_client */;
/*!50503 SET character_set_client = utf8mb4 */;
CREATE TABLE `employee` (
  `employee_id` varchar(36) NOT NULL,
  `created_at` datetime(6) DEFAULT NULL,
  `email` varchar(255) NOT NULL,
  `first_name` varchar(50) NOT NULL,
  `last_name` varchar(50) NOT NULL,
  `password` varchar(255) DEFAULT NULL,
  `phone_number` varchar(15) DEFAULT NULL,
  `status` enum('Active','Inactive','Suspended') NOT NULL,
  `updated_at` datetime(6) DEFAULT NULL,
  `role_id` varchar(36) NOT NULL,
  PRIMARY KEY (`employee_id`),
  UNIQUE KEY `UKfopic1oh5oln2khj8eat6ino0` (`email`),
  KEY `FK3046kvjyysq288vy3lsbtc9nw` (`role_id`),
  CONSTRAINT `FK3046kvjyysq288vy3lsbtc9nw` FOREIGN KEY (`role_id`) REFERENCES `role` (`role_id`)
) ENGINE=InnoDB DEFAULT CHARSET=utf8mb4 COLLATE=utf8mb4_0900_ai_ci;
/*!40101 SET character_set_client = @saved_cs_client */;

--
-- Dumping data for table `employee`
--

/*!40000 ALTER TABLE `employee` DISABLE KEYS */;
INSERT INTO `employee` VALUES ('1b2c3d4e-5f6a-4b7c-8d9e-0f1a2b3c4d5e',NULL,'siti.aminah@aori.com.sg','Siti','Aminah','P@ssw0rdPr0d!','+6583456789','Active',NULL,'role-prod-mgr-02'),('6e7f8a9b-0c1d-4e2f-8a3b-4c5d6e7f8a9b',NULL,'chloe.wong@aori.com.sg','Chloe','Wong','P@ssw0rdPr0m0!','+6588901234','Active',NULL,'role-promo-mgr-04'),('7277d414-b794-4b51-ad0f-0beb3c38b261','2025-10-15 07:12:27.416936','jennifer@aori.com.sg','Jennifer','De Santo','P@ssw0rd!123','+6590123456','Active','2025-10-15 07:12:27.416984','role-admin-01'),('9a8b7c6d-5e4f-4a3b-8c2d-1e9f8a7b6c5d',NULL,'raj.patel@aori.com.sg','Raj','Patel','Passw)rd!1234','+6580801234','Active','2025-10-14 10:04:28.439627','role-prod-mgr-02'),('a8c3d4e5-6f7b-4a9c-8b1d-2e3f4a5b6c7d',NULL,'kenji.tanaka@aori.com.sg','Kenji','Tanaka','P@ssw0rdAdm1n!','+6586123450','Active','2025-10-14 10:47:31.450633','role-admin-01'),('b5a6c7d8-9e1f-4a2b-8c3d-4e5f6a7b8c9d',NULL,'liwei.chen@aori.com.sg','Li Wei','Chen','Password123445%','+6585678901','Active','2025-10-15 10:21:51.577383','role-ord-ful-03'),('c3b4d5e6-7a8b-4c9d-8e1f-2a3b4c5d6e7f',NULL,'david.yap@aori.com.sg','David','Yap Cru','Password123455@@','+6587890123','Active','2025-10-14 10:52:41.543363','role-ord-ful-03'),('d1e2f3a4-5b6c-4d7e-8f9a-0b1c2d3e4f5a',NULL,'maria.decruz@aori.com.sg','Maria','De Cruz','P@ssw0rdSupp0rt!','+6580123456','Active',NULL,'role-cust-sup-05'),('e7f8a9b0-1c2d-4e3f-8a4b-5c6d7e8f9a0b',NULL,'susan.lim@aori.com.sg','Susan','Lim\'','GYPRGayhlfh123@','+6586789012','Active','2025-10-14 10:53:38.936778','role-ord-ful-03'),('f1a58a61-211e-4875-a41a-32c3e8968e44','2025-10-15 14:28:02.923406','yingchun.tang@aori.com.sg','Ying Chun','Tang','P@ssw)rd!23','+6590021286','Active','2025-10-15 14:28:02.923481','role-admin-01'),('f4b1d4f2-5e6a-4b0c-8e1d-8f9a7c3b2e1a',NULL,'aisha.khan@aori.com.sg','Aishas','Khan','P@ssw0rdAdm1n!','+6592823457','Active','2025-10-16 15:28:26.639062','role-admin-01');
/*!40000 ALTER TABLE `employee` ENABLE KEYS */;

--
-- Table structure for table `order_address_snapshot`
--

DROP TABLE IF EXISTS `order_address_snapshot`;
/*!40101 SET @saved_cs_client     = @@character_set_client */;
/*!50503 SET character_set_client = utf8mb4 */;
CREATE TABLE `order_address_snapshot` (
  `order_id` varchar(36) NOT NULL,
  `address_id` varchar(36) NOT NULL,
  `address_line1` varchar(255) NOT NULL,
  `address_line2` varchar(255) DEFAULT NULL,
  `city` varchar(100) NOT NULL,
  `country` varchar(100) NOT NULL,
  `phone_number` varchar(15) DEFAULT NULL,
  `postal_code` varchar(20) NOT NULL,
  `recipient_name` varchar(100) NOT NULL,
  PRIMARY KEY (`order_id`),
  KEY `FK656wge0c8p92emuhpscnqa1qa` (`address_id`),
  CONSTRAINT `FK656wge0c8p92emuhpscnqa1qa` FOREIGN KEY (`address_id`) REFERENCES `customer_address` (`address_id`)
) ENGINE=InnoDB DEFAULT CHARSET=utf8mb4 COLLATE=utf8mb4_0900_ai_ci;
/*!40101 SET character_set_client = @saved_cs_client */;

--
-- Dumping data for table `order_address_snapshot`
--

/*!40000 ALTER TABLE `order_address_snapshot` DISABLE KEYS */;
/*!40000 ALTER TABLE `order_address_snapshot` ENABLE KEYS */;

--
-- Table structure for table `order_item`
--

DROP TABLE IF EXISTS `order_item`;
/*!40101 SET @saved_cs_client     = @@character_set_client */;
/*!50503 SET character_set_client = utf8mb4 */;
CREATE TABLE `order_item` (
  `order_item_id` varchar(36) NOT NULL DEFAULT (uuid()),
  `order_id` varchar(36) NOT NULL,
  `product_id` varchar(36) NOT NULL,
  `quantity` int NOT NULL,
  `price_at_purchase` decimal(10,2) NOT NULL,
  `discount_applied` decimal(10,2) DEFAULT '0.00',
  `sku` varchar(50) DEFAULT NULL,
  PRIMARY KEY (`order_item_id`),
  KEY `order_id` (`order_id`),
  KEY `product_id` (`product_id`),
  CONSTRAINT `order_item_ibfk_1` FOREIGN KEY (`order_id`) REFERENCES `orders` (`order_id`),
  CONSTRAINT `order_item_ibfk_2` FOREIGN KEY (`product_id`) REFERENCES `product` (`product_id`),
  CONSTRAINT `order_item_chk_1` CHECK ((`quantity` >= 1))
) ENGINE=InnoDB DEFAULT CHARSET=utf8mb4 COLLATE=utf8mb4_0900_ai_ci;
/*!40101 SET character_set_client = @saved_cs_client */;

--
-- Dumping data for table `order_item`
--

/*!40000 ALTER TABLE `order_item` DISABLE KEYS */;
INSERT INTO `order_item` VALUES ('0905bc78-527e-5c23-a8e8-004f5254ce8c','3df61d5b-f7bc-5177-af59-4db40a17dc1e','055c7ea7-25b0-5909-a947-19c4746cb191',1,28.49,10.00,NULL),('093ade77-302f-4f03-b8df-97fe13f2492c','de2e788f-50f9-4a51-86fb-24ee20be01ff','04b731a1-2f80-4e2b-abde-c44dbfa086da',1,272.00,0.00,'AORI-TRS-034&FF6B6B&M'),('112497df-744b-4dab-a62e-e102e9490b56','51cb9622-5050-4850-8cfc-0b5b77dcf6b2','055c7ea7-25b0-5909-a947-19c4746cb191',2,64.39,0.00,'AORI-TOP-008&6B705C&S'),('1b895d1c-3fc9-4362-8084-2f024aee835c','3441e584-9bdb-4725-8d72-862507d81496','04b731a1-2f80-4e2b-abde-c44dbfa086da',1,272.00,0.00,'AORI-TRS-034&FF6B6B&L'),('1c7637b5-6522-5b2b-ad44-e494b7d7a713','0fce792f-23da-5b92-82c0-1bd62736a109','0cde8328-83b9-561a-9a4d-9bbd82b92f3d',2,30.90,0.00,NULL),('1d833e59-fc81-5949-891e-69d2c21ae116','ee5afed3-e5f0-558b-92d0-7f688455d728','146bc76e-add8-5866-8f28-0f2872233c8d',3,22.85,0.00,NULL),('1de4e804-d0a9-4ebe-9e1f-88bb24ee0ebf','fbea97c3-5d52-4ae9-a7b7-ff5431d7f0c6','055c7ea7-25b0-5909-a947-19c4746cb191',1,64.39,0.00,'AORI-TOP-008&6B705C&S'),('1fa0b8be-703b-5937-b660-3b9e95c13d9f','f4e0fd54-1d66-545b-b308-7c311b5e266a','2a58e989-7aa4-5bcb-851d-7aeb5e011c6b',3,38.07,0.00,NULL),('21b4e1cf-3f51-4e8b-93ff-15483034b2e5','e86b1ff6-9ea5-4cfb-aeb7-ef356017c6b5','18232b53-2f6d-45b2-86c2-66e6079f769f',1,209.00,0.00,'AORI-TRS-033&FF6B6B&S'),('22045c4f-5cfa-4e1b-9690-867f5e7db788','41589692-734d-44dc-85ac-13a3e4ec2d9c','055c7ea7-25b0-5909-a947-19c4746cb191',1,64.39,0.00,'AORI-TOP-008&6B705C&XS'),('2b886b2e-7ce9-403d-a8f5-805917c60249','c8443a00-83dc-4989-9da8-9b7baf91e27a','055c7ea7-25b0-5909-a947-19c4746cb191',1,64.39,0.00,'AORI-TOP-008&6B705C&XS'),('2d278acb-e69a-4a92-832f-7cb266e724f2','47fbc16f-5456-468a-83f8-15d70782b18c','0cd5f885-0a9d-48d3-b1af-a363e43e5260',3,208.00,0.00,'AORI-JNS-021&003049&L'),('309046dc-cd76-497a-8990-05f74d73a345','548f939b-3b82-4c3a-925f-10955a24e223','055c7ea7-25b0-5909-a947-19c4746cb191',1,64.39,0.00,'AORI-TOP-008&6B705C&S'),('30eb350e-6a0a-47fe-ad56-d85e872d0878','ceda5467-f784-4e1a-a49a-ef2865b255d0','146bc76e-add8-5866-8f28-0f2872233c8d',1,167.49,0.00,'AORI-OUT-011&111111&S'),('338f3d5c-7e9f-496f-adae-a8bbf926df52','75ac618f-edb2-4d97-affa-00b3557f28d9','055c7ea7-25b0-5909-a947-19c4746cb191',2,64.39,0.00,'AORI-TOP-008&252524&S'),('38c74b78-6946-43fd-bd9a-5878383b7b0e','b6da8169-6845-4b3c-9766-293dd58566ca','0cd5f885-0a9d-48d3-b1af-a363e43e5260',1,208.00,0.00,'AORI-JNS-021&D62828&L'),('49a8254a-dfbd-5458-a12a-135f70b51c0d','d834f377-578d-58af-9e4c-54d69812fea5','420039bb-26f6-5ce0-9397-556e51a652d8',2,48.64,0.00,NULL),('4a618eaa-e198-5b03-9d80-56504afcabad','5e706d9c-83ad-521e-8bd5-c894283a313e','4ffde3ec-bf16-589c-bd40-01d298351095',3,41.65,0.00,NULL),('4b06cf42-bc47-45ad-8353-936815e01f40','ad6433f1-0c23-4ba8-9a4f-b419b4ea3214','0cd5f885-0a9d-48d3-b1af-a363e43e5260',1,208.00,0.00,NULL),('4b8e48dc-dfce-59c3-afba-7f7f06c4c2c3','c7913e11-3996-5ebb-9678-861e216493a8','521b9a23-d73a-5243-bfde-33a32fcff028',2,119.76,0.00,NULL),('4bae0127-50b3-41b1-9faf-8619ebf246e3','656eab21-44ff-4858-a919-4ba7f38a8352','04b731a1-2f80-4e2b-abde-c44dbfa086da',1,272.00,0.00,'AORI-TRS-034&FF6B6B&S'),('4bc92a6d-673d-4f3d-b7e0-5e172f26544e','60bd90a9-8f33-48cb-9ea5-33cf44dcdfea','04b731a1-2f80-4e2b-abde-c44dbfa086da',1,272.00,0.00,'AORI-TRS-034&FF6B6B&XL'),('4e5f05f2-f693-5b74-a059-edaec947f3af','b10e59b2-eca7-5d90-ba9e-de92bbd082c8','5768aa76-b142-5f0a-ba39-8a890ea0e6c4',2,22.85,0.00,NULL),('4ecf3dc5-e5d4-4c4d-b1c1-aaad43e70b96','7a88a432-17ee-49d5-b208-79707174bbae','055c7ea7-25b0-5909-a947-19c4746cb191',2,64.39,0.00,'AORI-TOP-008&6B705C&S'),('51643ccd-c8e4-4d2b-b34b-ac050a0e0102','268f7478-e10c-4861-887b-5d465ee82a0f','04b731a1-2f80-4e2b-abde-c44dbfa086da',1,272.00,0.00,'AORI-TRS-034&FF6B6B&S'),('523b910a-fc2b-595f-898f-6caec988a13e','3df61d5b-f7bc-5177-af59-4db40a17dc1e','6524e459-4acf-53a2-a86d-fd5044f3649e',2,22.85,0.00,NULL),('5313a8ed-667f-52ab-b7ac-b234711d7821','1d5eb9a2-b9e4-512f-bdbc-a55889be8ed2','c89471d2-b26c-5aaf-b1c9-4bd2be04023c',1,22.85,0.00,NULL),('5413f4f9-8ff6-5b26-8516-4ff434b87858','5afe0926-fe82-50f8-9602-e56b9f3b0d85','ab7bde08-d788-50a2-b9dd-f4296bbab64d',1,48.64,0.00,NULL),('569d7cef-1266-4a60-b90f-06cc57188526','8051f0e1-1847-4f2c-a60e-fe7066b106c4','055c7ea7-25b0-5909-a947-19c4746cb191',2,64.39,0.00,'AORI-TOP-008&252524&XS'),('575ac595-001c-5ec3-8905-d078ba1ba05d','d27b0ec6-5ab6-531f-bc34-b4ffb8650485','ac7be4e8-1641-5a84-a99c-8a2e4c4290b8',1,41.65,0.00,NULL),('589a44c5-04c5-50a5-ab16-66534b2cb26e','0fce792f-23da-5b92-82c0-1bd62736a109','acfa4750-e56e-5cb5-8661-7024aefff8df',1,19.71,0.00,NULL),('608c8915-794f-49b3-869e-1e6178212539','5458769f-e409-4d4e-8b9f-c6169dadae85','0f3f7ff0-fd00-40e1-96bc-dd00a5ff0bb8',1,134.00,0.00,NULL),('6f283b89-a5d3-594d-b034-73f498bc0681','1d5eb9a2-b9e4-512f-bdbc-a55889be8ed2','ab7bde08-d788-50a2-b9dd-f4296bbab64d',1,48.64,0.00,NULL),('70707c24-23a3-494f-b64e-1e522ee24b51','9ed06dac-5997-4d95-bbf0-8b7208e626e2','04b731a1-2f80-4e2b-abde-c44dbfa086da',1,272.00,0.00,'AORI-TRS-034&FF6B6B&M'),('72feb071-5c60-53a3-b052-cdfb1cf5d4a8','3df61d5b-f7bc-5177-af59-4db40a17dc1e','eb43e1c2-1555-5338-998d-ad8384a97697',1,196.22,0.00,NULL),('73812562-12e3-569c-b298-2345337d64c4','5afe0926-fe82-50f8-9602-e56b9f3b0d85','a9326f97-d4c3-5730-b556-0031d4904544',3,41.33,0.00,NULL),('766404d9-32af-4936-8347-b1d68ad1a588','6e14d4cf-6fd5-4bc8-b65d-02c179a44dc4','055c7ea7-25b0-5909-a947-19c4746cb191',1,89.00,0.00,'AORI-TOP-008&252524&S'),('7a244c64-6836-5573-b769-516d641ce26f','2b632d36-d3b7-5af1-8b84-68640fb424e4','eb43e1c2-1555-5338-998d-ad8384a97697',3,196.22,0.00,NULL),('7c753b9f-01e4-5121-8a9d-2a6b2f3473a3','b10e59b2-eca7-5d90-ba9e-de92bbd082c8','cff84752-f60c-5a4b-acb1-f4c3a80b5320',3,30.90,0.00,NULL),('7ea8c51b-5c80-47cf-9678-94b83023dd5d','0d798b1c-0130-4b0e-93ad-51875ff2025f','04b731a1-2f80-4e2b-abde-c44dbfa086da',2,272.00,0.00,'AORI-TRS-034&FF6B6B&S'),('813c11c1-f03f-4c9b-8c97-2352b1b328cf','88e01b3d-e5e6-400c-8a06-dafeff5fbe2f','04b731a1-2f80-4e2b-abde-c44dbfa086da',1,272.00,0.00,'AORI-TRS-034&FF6B6B&M'),('84dd6ee1-6939-41f6-b598-ad90a68e6fbb','60bd90a9-8f33-48cb-9ea5-33cf44dcdfea','04b731a1-2f80-4e2b-abde-c44dbfa086da',1,272.00,0.00,'AORI-TRS-034&FF6B6B&S'),('8c50d08a-7de6-5a60-84e0-c26e73449698','2b632d36-d3b7-5af1-8b84-68640fb424e4','2aca066b-294b-5368-a910-fc170771b289',2,119.76,0.00,NULL),('8c84236c-80f2-41d4-9ebd-5f55446c7ac0','fab52bce-a1be-4b57-9fd3-a1ceceee98dd','055c7ea7-25b0-5909-a947-19c4746cb191',1,64.39,0.00,'AORI-TOP-008&6B705C&XS'),('8dea3f31-ad5c-4609-82d4-d90f9faf88c6','0d798b1c-0130-4b0e-93ad-51875ff2025f','09a3cbec-48dd-44ce-bbfd-7bef450f02d2',1,245.00,0.00,'AORI-HOD-069&E63946&S'),('94c7d8ae-bd98-4cc8-983d-dd06abd82920','fbea97c3-5d52-4ae9-a7b7-ff5431d7f0c6','04b731a1-2f80-4e2b-abde-c44dbfa086da',2,272.00,0.00,'AORI-TRS-034&FF6B6B&M'),('98622ae4-258e-5ca1-a01d-92ea992f9224','2b632d36-d3b7-5af1-8b84-68640fb424e4','6b6fdb91-a07e-52fb-a221-cefac9127b60',3,32.01,0.00,NULL),('9eae670c-5ce8-580d-9e9b-6917aaca61d0','3b4b9dac-e9c3-575c-b27a-bb87b39f2550','cff84752-f60c-5a4b-acb1-f4c3a80b5320',3,30.90,0.00,NULL),('a04e2506-5866-4169-8d9d-e0b6a10376ff','96dcd0bd-b09e-4782-9e0e-c3ed85c89026','04b731a1-2f80-4e2b-abde-c44dbfa086da',1,272.00,0.00,'AORI-TRS-034&FF6B6B&S'),('a20eb9ce-38f8-5455-9bd4-215d5d89d4ca','1d5eb9a2-b9e4-512f-bdbc-a55889be8ed2','ac7be4e8-1641-5a84-a99c-8a2e4c4290b8',1,41.65,5.00,NULL),('a2ae6424-05e7-49d6-b07f-c350ca250d13','b6da8169-6845-4b3c-9766-293dd58566ca','055c7ea7-25b0-5909-a947-19c4746cb191',1,64.39,0.00,'AORI-TOP-008&6B705C&XS'),('a714aa56-942f-5c49-b374-7ca4406cf120','3b4b9dac-e9c3-575c-b27a-bb87b39f2550','d34065c4-3686-56b4-853e-74deda94623e',3,22.85,0.00,NULL),('a7e291de-9505-4530-84bd-74f3ff6942aa','7e5bd44e-c12a-4ee7-a150-c87aba96c483','0cde8328-83b9-561a-9a4d-9bbd82b92f3d',1,33.09,0.00,NULL),('aa541c54-1398-49ee-80f9-59980cd07cd9','b437369c-fa57-4edc-84d5-dad152d822ca','09a3cbec-48dd-44ce-bbfd-7bef450f02d2',1,245.00,0.00,'AORI-HOD-069&E63946&M'),('afa010f2-f374-40c8-91a8-af43aa34bcd6','5458769f-e409-4d4e-8b9f-c6169dadae85','055c7ea7-25b0-5909-a947-19c4746cb191',3,64.39,0.00,NULL),('b0167ad6-27db-420f-8fcb-1d511b9adab9','8f07c068-0690-421a-8dd8-c07b7bd66e3f','04b731a1-2f80-4e2b-abde-c44dbfa086da',1,272.00,0.00,'AORI-TRS-034&FF6B6B&S'),('b3af47da-2b13-5eb4-a570-8022c930ccfd','0fce792f-23da-5b92-82c0-1bd62736a109','ab7bde08-d788-50a2-b9dd-f4296bbab64d',2,28.49,0.00,NULL),('b6957346-36b6-4a96-80df-fbf05d6bc745','c8443a00-83dc-4989-9da8-9b7baf91e27a','0cd5f885-0a9d-48d3-b1af-a363e43e5260',1,208.00,0.00,'AORI-JNS-021&D62828&L'),('b6e15558-b343-494c-bcf3-5908dbc208fa','47fbc16f-5456-468a-83f8-15d70782b18c','0cd5f885-0a9d-48d3-b1af-a363e43e5260',2,208.00,0.00,'AORI-JNS-021&D62828&M'),('b7ec0d0e-1736-4f5b-abcd-f9508c3f1ad1','fe276689-3e29-4389-b909-dac7d163ddd1','055c7ea7-25b0-5909-a947-19c4746cb191',1,64.39,0.00,'AORI-TOP-008&6B705C&XS'),('babc0aac-e7f2-49ce-8b6e-34fbf13f4fce','44977947-84fc-4782-8c03-7626e590aecf','04b731a1-2f80-4e2b-abde-c44dbfa086da',1,272.00,0.00,'AORI-TRS-034&FF6B6B&S'),('bc9f3c91-696d-4821-a5b4-3a4b2196d2c8','9cd05263-fe52-4c56-9e1c-27511481be1f','04b731a1-2f80-4e2b-abde-c44dbfa086da',1,272.00,0.00,'AORI-TRS-034&FF6B6B&M'),('bcce4770-974b-45dc-9b86-5907e4413d80','3942e1f3-b4ad-497c-afc9-561b8fcc0689','04b731a1-2f80-4e2b-abde-c44dbfa086da',1,272.00,0.00,'AORI-TRS-034&FF6B6B&M'),('be5d23c8-51fd-539f-a911-22a1cb5d429d','c7913e11-3996-5ebb-9678-861e216493a8','484065ad-1318-51a7-a0a3-900f4416e750',1,39.58,0.00,NULL),('c960ce8e-6cf8-4a2e-a23e-99d8fe5cd329','b8bf41fa-1b7e-4b66-a1cc-41a050de8f6c','04b731a1-2f80-4e2b-abde-c44dbfa086da',1,272.00,0.00,'AORI-TRS-034&FF6B6B&M'),('ce8ee4eb-d22f-4406-a417-fd7a4547805f','47fbc16f-5456-468a-83f8-15d70782b18c','0cd5f885-0a9d-48d3-b1af-a363e43e5260',1,208.00,0.00,'AORI-JNS-021&D62828&L'),('cf069da2-d3af-5be4-89c0-940461d07cfc','d834f377-578d-58af-9e4c-54d69812fea5','ab7bde08-d788-50a2-b9dd-f4296bbab64d',1,39.80,0.00,NULL),('d13a7cb2-314c-4942-9530-807345abe21d','eb00e652-90da-4baa-a2c8-a8d0147736b3','15fad798-52d1-480f-a9ac-2e3ea7b77365',1,216.00,0.00,'AORI-HOD-075&D62828&L'),('d527bcb0-8cfd-5e3c-a8d0-54f7e8a075ed','c7913e11-3996-5ebb-9678-861e216493a8','90cd7478-522a-5ac5-acc2-a87ab6e673d1',2,48.64,0.00,NULL),('db76a7e4-38d3-4d96-a877-9b0e3bfc7996','dd8d33c3-1aac-4269-8d98-da9fc904890c','04b731a1-2f80-4e2b-abde-c44dbfa086da',1,272.00,0.00,'AORI-TRS-034&FF6B6B&L'),('dbb71055-108a-539b-beaf-3bfe52904362','ee5afed3-e5f0-558b-92d0-7f688455d728','484065ad-1318-51a7-a0a3-900f4416e750',3,39.58,0.00,NULL),('dd172129-b08a-51b9-bef2-48efe4158710','d27b0ec6-5ab6-531f-bc34-b4ffb8650485','d34065c4-3686-56b4-853e-74deda94623e',3,22.85,0.00,NULL),('e6c14536-07d0-4111-bbbf-448411da13e6','60bd90a9-8f33-48cb-9ea5-33cf44dcdfea','04b731a1-2f80-4e2b-abde-c44dbfa086da',2,272.00,0.00,'AORI-TRS-034&FF6B6B&L'),('e7e3bc02-4914-4e45-b9ae-312436af7f9b','eb00e652-90da-4baa-a2c8-a8d0147736b3','055c7ea7-25b0-5909-a947-19c4746cb191',1,64.39,0.00,'AORI-TOP-008&6B705C&XS'),('ebb924b8-c834-4152-bc39-7c5ab86ec7c5','e424e6b2-c5e8-4dff-8d56-684bc53bc54f','04b731a1-2f80-4e2b-abde-c44dbfa086da',1,272.00,0.00,'AORI-TRS-034&FF6B6B&S'),('ecce0d2f-1f5d-578b-8e1b-7ad53100ff40','6f64cb0b-b4ea-5662-94ca-3419c5863b7b','cff84752-f60c-5a4b-acb1-f4c3a80b5320',3,30.90,0.00,NULL),('efe071e8-0713-4e07-a1c4-60dbf721dbf2','f312e3c2-9ef8-48dc-a8c1-1f4a97ca7eba','04b731a1-2f80-4e2b-abde-c44dbfa086da',1,272.00,0.00,'AORI-TRS-034&FF6B6B&M'),('f18c0293-3c17-41ff-817f-4143e9726834','e4584d75-c669-4bd9-8b21-40fd31eef999','04b731a1-2f80-4e2b-abde-c44dbfa086da',1,272.00,0.00,'AORI-TRS-034&FF6B6B&S'),('f70ccb15-d94a-4e26-9aff-7834d13ff030','bd8f35f2-9a06-4cbf-86b6-298f84d88416','04b731a1-2f80-4e2b-abde-c44dbfa086da',1,272.00,0.00,'AORI-TRS-034&FF6B6B&M'),('fec011f9-dd78-497b-9b0e-807b24a651fc','552311ad-be1c-4d33-8ec1-e60f971326f2','0cd5f885-0a9d-48d3-b1af-a363e43e5260',1,208.00,0.00,'AORI-JNS-021&D62828&L');
/*!40000 ALTER TABLE `order_item` ENABLE KEYS */;

--
-- Table structure for table `order_promotion`
--

DROP TABLE IF EXISTS `order_promotion`;
/*!40101 SET @saved_cs_client     = @@character_set_client */;
/*!50503 SET character_set_client = utf8mb4 */;
CREATE TABLE `order_promotion` (
  `order_promotion_id` varchar(36) NOT NULL DEFAULT (uuid()),
  `order_id` varchar(36) NOT NULL,
  `promotion_id` varchar(36) NOT NULL,
  `discount_amount_applied` decimal(10,2) NOT NULL,
  `created_at` timestamp NULL DEFAULT CURRENT_TIMESTAMP,
  PRIMARY KEY (`order_promotion_id`),
  UNIQUE KEY `order_id` (`order_id`,`promotion_id`),
  KEY `promotion_id` (`promotion_id`),
  CONSTRAINT `order_promotion_ibfk_1` FOREIGN KEY (`order_id`) REFERENCES `orders` (`order_id`),
  CONSTRAINT `order_promotion_ibfk_2` FOREIGN KEY (`promotion_id`) REFERENCES `promotion_discount` (`promotion_id`)
) ENGINE=InnoDB DEFAULT CHARSET=utf8mb4 COLLATE=utf8mb4_0900_ai_ci;
/*!40101 SET character_set_client = @saved_cs_client */;

--
-- Dumping data for table `order_promotion`
--

/*!40000 ALTER TABLE `order_promotion` DISABLE KEYS */;
INSERT INTO `order_promotion` VALUES ('05749531-8be9-51b0-8a56-79686c337182','5afe0926-fe82-50f8-9602-e56b9f3b0d85','e7d0b14b-df2c-52d3-9e7e-939679ab8602',10.00,'2025-09-18 19:12:55'),('2aa2bf51-6c98-5004-aebe-0ac43fa9e03b','0fce792f-23da-5b92-82c0-1bd62736a109','ab22c118-4b0d-52d3-aadf-6f230223efa7',15.00,'2025-09-25 21:50:33'),('478691c6-2374-5db7-a4cb-6846f75598f6','1d5eb9a2-b9e4-512f-bdbc-a55889be8ed2','a1d32793-e5c8-5f55-b731-f1135a4c08c1',5.00,'2025-10-08 21:21:14'),('6d39c6b9-79b3-5b89-9d10-92603e1905d6','6f64cb0b-b4ea-5662-94ca-3419c5863b7b','1978773d-0f2c-5000-a543-2303e55e07a1',5.00,'2025-09-17 07:28:17'),('7234cabc-5862-5908-83bd-abb7c20398c7','5e706d9c-83ad-521e-8bd5-c894283a313e','641db4f6-2e42-50d2-b80a-3f28f8ebd7a4',10.00,'2025-10-02 11:36:48'),('ee410e98-afba-5a7a-80a8-e00865913e42','ee5afed3-e5f0-558b-92d0-7f688455d728','a1d32793-e5c8-5f55-b731-f1135a4c08c1',10.00,'2025-09-28 07:24:14');
/*!40000 ALTER TABLE `order_promotion` ENABLE KEYS */;

--
-- Table structure for table `orders`
--

DROP TABLE IF EXISTS `orders`;
/*!40101 SET @saved_cs_client     = @@character_set_client */;
/*!50503 SET character_set_client = utf8mb4 */;
CREATE TABLE `orders` (
  `order_id` varchar(36) NOT NULL DEFAULT (uuid()),
  `order_number` varchar(256) NOT NULL,
  `customer_id` varchar(36) NOT NULL,
  `order_status` enum('Pending','Paid','Shipped','Delivered','Returned','Cancelled') NOT NULL,
  `total_amount` decimal(10,2) NOT NULL,
  `payment_status` enum('Pending','Paid','Failed','Refunded') NOT NULL,
  `created_at` timestamp NULL DEFAULT CURRENT_TIMESTAMP,
  `updated_at` timestamp NULL DEFAULT NULL ON UPDATE CURRENT_TIMESTAMP,
  PRIMARY KEY (`order_id`),
  UNIQUE KEY `order_number` (`order_number`),
  KEY `customer_id` (`customer_id`),
  CONSTRAINT `orders_ibfk_1` FOREIGN KEY (`customer_id`) REFERENCES `customer` (`customer_id`)
) ENGINE=InnoDB DEFAULT CHARSET=utf8mb4 COLLATE=utf8mb4_0900_ai_ci;
/*!40101 SET character_set_client = @saved_cs_client */;

--
-- Dumping data for table `orders`
--

/*!40000 ALTER TABLE `orders` DISABLE KEYS */;
INSERT INTO `orders` VALUES ('0d798b1c-0130-4b0e-93ad-51875ff2025f','ORD-202510151612-0d79','ba97ad88-238f-411d-b469-283b89fa776b','Returned',789.00,'Refunded','2025-10-15 16:12:56','2025-10-15 21:55:14'),('0fce792f-23da-5b92-82c0-1bd62736a109','ORD-2025-000005','07532ea4-8954-5e60-86da-c1b7844e0a7f','Delivered',138.49,'Paid','2025-09-25 21:50:33','2025-10-11 07:00:16'),('1d5eb9a2-b9e4-512f-bdbc-a55889be8ed2','ORD-2025-000009','07532ea4-8954-5e60-86da-c1b7844e0a7f','Returned',108.14,'Paid','2025-10-08 21:21:14','2025-10-11 07:00:16'),('268f7478-e10c-4861-887b-5d465ee82a0f','ORD-202510152300-268f','ba97ad88-238f-411d-b469-283b89fa776b','Pending',272.00,'Pending','2025-10-15 23:00:08','2025-10-15 23:00:08'),('2b632d36-d3b7-5af1-8b84-68640fb424e4','ORD-2025-000004','07532ea4-8954-5e60-86da-c1b7844e0a7f','Returned',924.21,'Paid','2025-09-25 14:02:36','2025-10-11 07:00:16'),('3441e584-9bdb-4725-8d72-862507d81496','ORD-202510161028-3441','07532ea4-8954-5e60-86da-c1b7844e0a7f','Shipped',272.00,'Paid','2025-10-16 10:28:55','2025-10-16 10:29:49'),('3942e1f3-b4ad-497c-afc9-561b8fcc0689','ORD-202510152235-3942','ba97ad88-238f-411d-b469-283b89fa776b','Paid',272.00,'Paid','2025-10-15 22:35:35','2025-10-15 22:36:46'),('3b4b9dac-e9c3-575c-b27a-bb87b39f2550','ORD-2025-000007','07532ea4-8954-5e60-86da-c1b7844e0a7f','Returned',161.25,'Paid','2025-09-15 07:34:26','2025-10-11 07:00:16'),('3df61d5b-f7bc-5177-af59-4db40a17dc1e','ORD-2025-000010','07532ea4-8954-5e60-86da-c1b7844e0a7f','Delivered',260.41,'Paid','2025-10-02 00:21:20','2025-10-11 07:00:16'),('41589692-734d-44dc-85ac-13a3e4ec2d9c','ORD-202510152336-4158','ba97ad88-238f-411d-b469-283b89fa776b','Returned',64.39,'Refunded','2025-10-15 23:36:40','2025-10-15 23:44:31'),('44977947-84fc-4782-8c03-7626e590aecf','ORD-202510152216-4497','ba97ad88-238f-411d-b469-283b89fa776b','Pending',272.00,'Pending','2025-10-15 22:16:52','2025-10-15 22:16:52'),('47fbc16f-5456-468a-83f8-15d70782b18c','ORD-202510151209-47fb','ba97ad88-238f-411d-b469-283b89fa776b','Cancelled',1248.00,'Pending','2025-10-15 12:09:53','2025-10-15 16:48:15'),('51cb9622-5050-4850-8cfc-0b5b77dcf6b2','ORD-202510151645-51cb','93e46beb-959e-4f7f-8e72-c37f524cabfd','Shipped',128.78,'Paid','2025-10-15 16:45:56','2025-10-15 16:45:56'),('5458769f-e409-4d4e-8b9f-c6169dadae85','ORD-202510131112-5458','ba97ad88-238f-411d-b469-283b89fa776b','Cancelled',327.17,'Pending','2025-10-13 11:12:36','2025-10-14 10:36:48'),('548f939b-3b82-4c3a-925f-10955a24e223','ORD-202510151212-548f','ba97ad88-238f-411d-b469-283b89fa776b','Shipped',64.39,'Paid','2025-10-15 12:12:26','2025-10-15 12:12:26'),('552311ad-be1c-4d33-8ec1-e60f971326f2','ORD-202510141526-5523','ba97ad88-238f-411d-b469-283b89fa776b','Shipped',208.00,'Paid','2025-10-14 15:26:32','2025-10-15 11:32:44'),('5afe0926-fe82-50f8-9602-e56b9f3b0d85','ORD-2025-000006','e00bbec4-ebac-5de1-b7de-5e174bb7ba4b','Returned',172.63,'Paid','2025-09-18 19:12:55','2025-09-18 19:12:55'),('5e706d9c-83ad-521e-8bd5-c894283a313e','ORD-2025-000008','bf45acae-a308-59fa-a0a5-52c762a188d4','Paid',124.95,'Paid','2025-10-02 11:36:48','2025-10-02 11:36:48'),('60bd90a9-8f33-48cb-9ea5-33cf44dcdfea','ORD-202510152158-60bd','ba97ad88-238f-411d-b469-283b89fa776b','Shipped',1088.00,'Paid','2025-10-15 21:58:07','2025-10-15 21:58:07'),('656eab21-44ff-4858-a919-4ba7f38a8352','ORD-202510152330-656e','ba97ad88-238f-411d-b469-283b89fa776b','Delivered',272.00,'Paid','2025-10-15 23:30:59','2025-10-15 23:35:11'),('6e14d4cf-6fd5-4bc8-b65d-02c179a44dc4','ORD-202510161911-6e14','30209cca-0e01-4ad3-8a89-198f3996c520','Returned',89.00,'Refunded','2025-10-16 19:11:54','2025-10-16 19:12:13'),('6f64cb0b-b4ea-5662-94ca-3419c5863b7b','ORD-2025-000003','2451de55-0ece-50ec-b7a7-9702c32ceda6','Returned',92.70,'Paid','2025-09-17 07:28:17','2025-09-17 07:28:17'),('75ac618f-edb2-4d97-affa-00b3557f28d9','ORD-202510161643-75ac','30209cca-0e01-4ad3-8a89-198f3996c520','Returned',128.78,'Refunded','2025-10-16 16:43:23','2025-10-16 16:45:48'),('7a88a432-17ee-49d5-b208-79707174bbae','ORD-202510151637-7a88','c65c61cc-68ec-430b-95b4-b51e06fcf0c7','Shipped',128.78,'Paid','2025-10-15 16:37:47','2025-10-15 16:37:47'),('7e5bd44e-c12a-4ee7-a150-c87aba96c483','ORD-202510111807-7e5b','07532ea4-8954-5e60-86da-c1b7844e0a7f','Pending',33.09,'Pending','2025-10-11 18:07:16','2025-10-11 18:07:16'),('8051f0e1-1847-4f2c-a60e-fe7066b106c4','ORD-202510161453-8051','30209cca-0e01-4ad3-8a89-198f3996c520','Returned',128.78,'Refunded','2025-10-16 14:53:43','2025-10-16 14:58:14'),('88e01b3d-e5e6-400c-8a06-dafeff5fbe2f','ORD-202510152214-88e0','ba97ad88-238f-411d-b469-283b89fa776b','Pending',272.00,'Pending','2025-10-15 22:14:52','2025-10-15 22:14:52'),('8f07c068-0690-421a-8dd8-c07b7bd66e3f','ORD-202510152237-8f07','ba97ad88-238f-411d-b469-283b89fa776b','Paid',272.00,'Paid','2025-10-15 22:37:47','2025-10-15 22:38:03'),('96dcd0bd-b09e-4782-9e0e-c3ed85c89026','ORD-202510152119-96dc','ba97ad88-238f-411d-b469-283b89fa776b','Returned',272.00,'Refunded','2025-10-15 21:19:01','2025-10-15 23:32:50'),('9cd05263-fe52-4c56-9e1c-27511481be1f','ORD-202510152107-9cd0','ba97ad88-238f-411d-b469-283b89fa776b','Returned',272.00,'Paid','2025-10-15 21:07:02','2025-10-15 21:53:52'),('9ed06dac-5997-4d95-bbf0-8b7208e626e2','ORD-202510152240-9ed0','ba97ad88-238f-411d-b469-283b89fa776b','Paid',272.00,'Paid','2025-10-15 22:40:30','2025-10-15 22:40:46'),('ad6433f1-0c23-4ba8-9a4f-b419b4ea3214','ORD-202510131733-ad64','ba97ad88-238f-411d-b469-283b89fa776b','Cancelled',208.00,'Pending','2025-10-13 17:33:25','2025-10-13 17:52:47'),('b10e59b2-eca7-5d90-ba9e-de92bbd082c8','ORD-2025-000014','8d86dab7-9d80-5d83-8608-2546adaa918d','Delivered',138.40,'Paid','2025-10-09 19:03:42','2025-10-09 19:03:42'),('b437369c-fa57-4edc-84d5-dad152d822ca','ORD-202510151647-b437','93e46beb-959e-4f7f-8e72-c37f524cabfd','Shipped',245.00,'Paid','2025-10-15 16:47:21','2025-10-15 16:55:08'),('b6da8169-6845-4b3c-9766-293dd58566ca','ORD-202510152211-b6da','ba97ad88-238f-411d-b469-283b89fa776b','Shipped',272.39,'Paid','2025-10-15 22:11:59','2025-10-15 22:11:59'),('b8bf41fa-1b7e-4b66-a1cc-41a050de8f6c','ORD-202510152238-b8bf','ba97ad88-238f-411d-b469-283b89fa776b','Paid',272.00,'Paid','2025-10-15 22:38:43','2025-10-15 22:38:54'),('bd8f35f2-9a06-4cbf-86b6-298f84d88416','ORD-202510152346-bd8f','ba97ad88-238f-411d-b469-283b89fa776b','Delivered',272.00,'Paid','2025-10-15 23:46:28','2025-10-16 13:58:45'),('c7913e11-3996-5ebb-9678-861e216493a8','ORD-2025-000012','1fbe213d-f416-56ea-8bc1-bfbdf319ae7c','Returned',376.38,'Paid','2025-09-13 00:52:20','2025-09-13 00:52:20'),('c8443a00-83dc-4989-9da8-9b7baf91e27a','ORD-202510152211-c844','ba97ad88-238f-411d-b469-283b89fa776b','Shipped',272.39,'Paid','2025-10-15 22:11:59','2025-10-15 22:11:59'),('ceda5467-f784-4e1a-a49a-ef2865b255d0','ORD-202510161012-ceda','07532ea4-8954-5e60-86da-c1b7844e0a7f','Shipped',167.49,'Paid','2025-10-16 10:12:56','2025-10-16 10:26:37'),('d27b0ec6-5ab6-531f-bc34-b4ffb8650485','ORD-2025-000011','d23352a4-7670-5720-b59f-29da484fdc70','Paid',110.20,'Paid','2025-10-05 12:43:45','2025-10-05 12:43:45'),('d834f377-578d-58af-9e4c-54d69812fea5','ORD-2025-000013','1fbe213d-f416-56ea-8bc1-bfbdf319ae7c','Delivered',137.08,'Paid','2025-09-17 00:10:56','2025-09-17 00:10:56'),('dd8d33c3-1aac-4269-8d98-da9fc904890c','ORD-202510152348-dd8d','ba97ad88-238f-411d-b469-283b89fa776b','Pending',272.00,'Pending','2025-10-15 23:48:44','2025-10-16 10:06:06'),('de2e788f-50f9-4a51-86fb-24ee20be01ff','ORD-202510152249-de2e','ba97ad88-238f-411d-b469-283b89fa776b','Pending',272.00,'Pending','2025-10-15 22:49:49','2025-10-15 22:49:49'),('e424e6b2-c5e8-4dff-8d56-684bc53bc54f','ORD-202510152330-e424','ba97ad88-238f-411d-b469-283b89fa776b','Shipped',272.00,'Paid','2025-10-15 23:30:44','2025-10-15 23:44:28'),('e4584d75-c669-4bd9-8b21-40fd31eef999','ORD-202510152317-e458','ba97ad88-238f-411d-b469-283b89fa776b','Returned',272.00,'Refunded','2025-10-15 23:17:14','2025-10-15 23:30:22'),('e86b1ff6-9ea5-4cfb-aeb7-ef356017c6b5','ORD-202510161123-e86b','07532ea4-8954-5e60-86da-c1b7844e0a7f','Delivered',209.00,'Paid','2025-10-16 11:23:34','2025-10-16 11:33:43'),('eb00e652-90da-4baa-a2c8-a8d0147736b3','ORD-202510161140-eb00','07532ea4-8954-5e60-86da-c1b7844e0a7f','Pending',280.39,'Pending','2025-10-16 11:40:28','2025-10-16 11:40:28'),('ee5afed3-e5f0-558b-92d0-7f688455d728','ORD-2025-000001','452105f0-c18e-5344-bc91-699a39d74721','Returned',187.29,'Paid','2025-09-28 07:24:14','2025-09-28 07:24:14'),('f312e3c2-9ef8-48dc-a8c1-1f4a97ca7eba','ORD-202510152258-f312','ba97ad88-238f-411d-b469-283b89fa776b','Pending',272.00,'Pending','2025-10-15 22:58:05','2025-10-15 22:58:05'),('f4e0fd54-1d66-545b-b308-7c311b5e266a','ORD-2025-000002','70242221-239c-5c97-bd98-9f7fd53a2d1b','Returned',114.21,'Paid','2025-10-01 11:28:05','2025-10-01 11:28:05'),('fab52bce-a1be-4b57-9fd3-a1ceceee98dd','ORD-202510152335-fab5','ba97ad88-238f-411d-b469-283b89fa776b','Delivered',64.39,'Paid','2025-10-15 23:35:28','2025-10-15 23:35:37'),('fbea97c3-5d52-4ae9-a7b7-ff5431d7f0c6','ORD-202510141354-fbea','07532ea4-8954-5e60-86da-c1b7844e0a7f','Paid',608.39,'Paid','2025-10-14 13:54:55','2025-10-14 14:02:56'),('fe276689-3e29-4389-b909-dac7d163ddd1','ORD-202510151142-fe27','ba97ad88-238f-411d-b469-283b89fa776b','Cancelled',64.39,'Refunded','2025-10-15 11:42:22','2025-10-15 21:57:10');
/*!40000 ALTER TABLE `orders` ENABLE KEYS */;

--
-- Table structure for table `payment`
--

DROP TABLE IF EXISTS `payment`;
/*!40101 SET @saved_cs_client     = @@character_set_client */;
/*!50503 SET character_set_client = utf8mb4 */;
CREATE TABLE `payment` (
  `payment_id` varchar(36) NOT NULL DEFAULT (uuid()),
  `payment_code` varchar(30) DEFAULT NULL,
  `order_id` varchar(36) NOT NULL,
  `payment_method` varchar(50) NOT NULL,
  `amount` decimal(10,2) NOT NULL,
  `currency` varchar(3) NOT NULL,
  `payment_status` enum('Success','Failed','Pending','Refunded') NOT NULL,
  `transaction_reference` varchar(255) NOT NULL,
  PRIMARY KEY (`payment_id`),
  UNIQUE KEY `transaction_reference` (`transaction_reference`),
  UNIQUE KEY `payment_code` (`payment_code`),
  KEY `order_id` (`order_id`),
  CONSTRAINT `payment_ibfk_1` FOREIGN KEY (`order_id`) REFERENCES `orders` (`order_id`)
) ENGINE=InnoDB DEFAULT CHARSET=utf8mb4 COLLATE=utf8mb4_0900_ai_ci;
/*!40101 SET character_set_client = @saved_cs_client */;

--
-- Dumping data for table `payment`
--

/*!40000 ALTER TABLE `payment` DISABLE KEYS */;
INSERT INTO `payment` VALUES ('028b629b-b2e3-5429-8093-87c1890cb6f2','PAY-2025-000004','2b632d36-d3b7-5af1-8b84-68640fb424e4','PayNow',924.21,'SGD','Success','SGPAY-D40AD958CC0F4A9EBA28'),('0e4519f1-5c93-5202-93ca-8a153130b1c6','PAY-2025-000003','6f64cb0b-b4ea-5662-94ca-3419c5863b7b','Visa',92.70,'SGD','Success','SGPAY-EBE82052B0654A049A5B'),('26b787b1-7c75-5cd7-99f1-dd84a369f304','PAY-2025-000009','1d5eb9a2-b9e4-512f-bdbc-a55889be8ed2','Visa',108.14,'SGD','Refunded','SGPAY-0C50E96B7AC74FBB938F'),('45bc13b1-877f-57fb-99dd-2e3e70bf370e','PAY-2025-000001','ee5afed3-e5f0-558b-92d0-7f688455d728','GrabPay',187.29,'SGD','Success','SGPAY-940D4398D2EE46B0944A'),('70f7e7d2-aaf5-522d-badd-83c37f98eece','PAY-2025-000005','0fce792f-23da-5b92-82c0-1bd62736a109','Mastercard',138.49,'SGD','Success','SGPAY-883E6E241C13497D9E4C'),('9b3a1299-cfb2-552d-8394-7da022317f74','PAY-2025-000012','c7913e11-3996-5ebb-9678-861e216493a8','AMEX',376.38,'SGD','Refunded','SGPAY-D398E80D11384A138BC3'),('af4e0bbf-e1e4-5728-92ff-bd85953d106a','PAY-2025-000014','b10e59b2-eca7-5d90-ba9e-de92bbd082c8','Mastercard',138.40,'SGD','Success','SGPAY-1E61C94D0A9049B3AB53'),('bac1b573-1cb9-5edc-9ac1-1c456a890899','PAY-2025-000013','d834f377-578d-58af-9e4c-54d69812fea5','PayNow',137.08,'SGD','Success','SGPAY-A8D63F07FB7E42608E5C'),('bebea04c-d5b6-5519-a789-7bb6a1e47b44','PAY-2025-000008','5e706d9c-83ad-521e-8bd5-c894283a313e','AMEX',124.95,'SGD','Refunded','SGPAY-FE1ED0DCA9C24EEB8CBB'),('ca20bf6f-ac27-5b47-a34b-5e00be2d973a','PAY-2025-000011','d27b0ec6-5ab6-531f-bc34-b4ffb8650485','Mastercard',110.20,'SGD','Success','SGPAY-D11720499B6E49EC9682'),('dc00d7dc-1e04-5a5d-bea9-22622d66d429','PAY-2025-000002','f4e0fd54-1d66-545b-b308-7c311b5e266a','Visa',114.21,'SGD','Success','SGPAY-65E99692723F4C5A8CDC'),('e9c69941-808a-5dd7-859b-1ab03b92e346','PAY-2025-000007','3b4b9dac-e9c3-575c-b27a-bb87b39f2550','GrabPay',161.25,'SGD','Success','SGPAY-5846F9E0407E47E7AEEC'),('ee48532b-817f-59d8-a391-cb5e8bb6fe55','PAY-2025-000010','3df61d5b-f7bc-5177-af59-4db40a17dc1e','PayNow',260.41,'SGD','Success','SGPAY-D0C12814F46F476B8679'),('fd497a2e-8056-5ac8-93db-da296236df81','PAY-2025-000006','5afe0926-fe82-50f8-9602-e56b9f3b0d85','PayNow',172.63,'SGD','Success','SGPAY-FE8BD4B87C3E44DAB5CD');
/*!40000 ALTER TABLE `payment` ENABLE KEYS */;

--
-- Table structure for table `permission`
--

DROP TABLE IF EXISTS `permission`;
/*!40101 SET @saved_cs_client     = @@character_set_client */;
/*!50503 SET character_set_client = utf8mb4 */;
CREATE TABLE `permission` (
  `permission_id` varchar(36) NOT NULL,
  `description` text,
  `permission_name` varchar(100) NOT NULL,
  PRIMARY KEY (`permission_id`)
) ENGINE=InnoDB DEFAULT CHARSET=utf8mb4 COLLATE=utf8mb4_0900_ai_ci;
/*!40101 SET character_set_client = @saved_cs_client */;

--
-- Dumping data for table `permission`
--

/*!40000 ALTER TABLE `permission` DISABLE KEYS */;
INSERT INTO `permission` VALUES ('perm_emp_c_11','Allows creating new employee accounts.','MANAGE_EMPLOYEES_CREATE'),('perm_emp_d_14','Allows deleting employee accounts.','MANAGE_EMPLOYEES_DELETE'),('perm_emp_r_12','Allows viewing employee details.','MANAGE_EMPLOYEES_READ'),('perm_emp_u_13','Allows updating employee roles and statuses.','MANAGE_EMPLOYEES_UPDATE'),('perm_ord_r_05','Allows viewing customer order details.','READ_ORDER'),('perm_ord_u_06','Allows changing the status of an order (e.g., Paid, Shipped, Delivered).','UPDATE_ORDER_STATUS'),('perm_prod_c_01','Allows creating new products in the catalog.','CREATE_PRODUCT'),('perm_prod_d_04','Allows deleting products from the catalog.','DELETE_PRODUCT'),('perm_prod_r_02','Allows viewing product details.','READ_PRODUCT'),('perm_prod_u_03','Allows editing existing product information.','UPDATE_PRODUCT'),('perm_promo_c_07','Allows creating new promotions and discount codes.','CREATE_PROMOTION'),('perm_promo_d_10','Allows deleting promotions.','DELETE_PROMOTION'),('perm_promo_r_08','Allows viewing existing promotions.','READ_PROMOTION'),('perm_promo_u_09','Allows editing existing promotions.','UPDATE_PROMOTION');
/*!40000 ALTER TABLE `permission` ENABLE KEYS */;

--
-- Table structure for table `product`
--

DROP TABLE IF EXISTS `product`;
/*!40101 SET @saved_cs_client     = @@character_set_client */;
/*!50503 SET character_set_client = utf8mb4 */;
CREATE TABLE `product` (
  `product_id` varchar(36) NOT NULL DEFAULT (uuid()),
  `product_code` varchar(20) NOT NULL,
  `product_name` varchar(150) NOT NULL,
  `description` text,
  `category_id` varchar(36) NOT NULL,
  `collection` varchar(100) NOT NULL,
  `material` varchar(100) DEFAULT NULL,
  `season` enum('Spring','Summer','Autumn','Winter','All_Season') DEFAULT NULL,
  `care_instructions` varchar(255) DEFAULT NULL,
  `image` varchar(255) DEFAULT NULL,
  `price` decimal(38,2) NOT NULL,
  `stock_quantity` int DEFAULT '0',
  `size` json DEFAULT NULL,
  `rating` float DEFAULT NULL,
  `tags` varchar(255) DEFAULT NULL,
  `created_at` timestamp NULL DEFAULT CURRENT_TIMESTAMP,
  `updated_at` timestamp NULL DEFAULT NULL ON UPDATE CURRENT_TIMESTAMP,
  `colors` json NOT NULL,
  PRIMARY KEY (`product_id`),
  UNIQUE KEY `product_code` (`product_code`),
  KEY `category_id` (`category_id`),
  CONSTRAINT `product_ibfk_1` FOREIGN KEY (`category_id`) REFERENCES `category` (`category_id`),
  CONSTRAINT `product_chk_1` CHECK ((`price` >= 0)),
  CONSTRAINT `product_chk_2` CHECK ((`stock_quantity` >= 0))
) ENGINE=InnoDB DEFAULT CHARSET=utf8mb4 COLLATE=utf8mb4_0900_ai_ci;
/*!40101 SET character_set_client = @saved_cs_client */;

--
-- Dumping data for table `product`
--

/*!40000 ALTER TABLE `product` DISABLE KEYS */;
INSERT INTO `product` VALUES ('04b731a1-2f80-4e2b-abde-c44dbfa086da','AORI-TRS-034','Trousers 34','High quality trousers with excellent craftsmanship and comfortable fit','872e8fc3-4913-5723-be65-9ba332a8bc0b','Summer 2025','Linen','Summer','Machine Wash - cold water only','https://github.com/Fubuki233/WebAppDev-Ca/blob/main/aori/src/main/resources/static/product-images/1.%20AORI-TRS-034.png?raw=true',119.00,98,'[\"S\", \"M\", \"L\", \"XL\"]',0,'Casual, Bottoms, Best Seller','2025-10-13 01:14:20','2025-10-16 09:37:40','[\"#7a7a7a\", \"#4ecdc4\"]'),('055c7ea7-25b0-5909-a947-19c4746cb191','AORI-TOP-008','Sumi Ink Tee','Minimal tops with quiet texture. Embraces wabi-sabi — subtle, lived-in comfort.','d56ea216-65b1-5726-a5e4-d59b98ad0959','Shizen','Wool Blend','All_Season','Machine Wash - cold water only','https://github.com/Fubuki233/WebAppDev-Ca/blob/main/aori/src/main/resources/static/product-images/2.%20AORI-TOP-008.png?raw=true',89.00,177,'[\"XS\", \"S\", \"M\", \"L\", \"XL\"]',5,'Shizen, Casual, Tops, Best Seller','2025-10-04 20:25:51','2025-10-16 19:11:54','[\"#252524\", \"#0a2540\"]'),('09a3cbec-48dd-44ce-bbfd-7bef450f02d2','AORI-HOD-069','Hoodie 69','High quality hoodie with excellent craftsmanship and comfortable fit','34bcca30-1c8f-5a9c-a0f5-03805c4d9f90','Autumn 2025','Wool','Autumn','Machine Wash - cold water only','https://github.com/Fubuki233/WebAppDev-Ca/blob/main/aori/src/main/resources/static/product-images/3.%20AORI-HOD-069.png?raw=true',129.00,40,'[\"XS\", \"S\", \"M\"]',0,'Casual, Outerwear, Best Seller','2025-10-13 01:14:25','2025-10-16 09:37:40','[\"#a1947f\", \"#00a3d7\"]'),('0cd5f885-0a9d-48d3-b1af-a363e43e5260','AORI-JNS-021','Jeans 21','High quality jeans with excellent craftsmanship and comfortable fit','872e8fc3-4913-5723-be65-9ba332a8bc0b','Autumn 2025','Cotton','Autumn','Machine Wash - cold water only','https://github.com/Fubuki233/WebAppDev-Ca/blob/main/aori/src/main/resources/static/product-images/4.%20AORI-JNS-021.png?raw=true',129.00,0,'[\"M\", \"L\", \"XL\"]',0,'Casual, Bottoms, Best Seller','2025-10-13 01:14:18','2025-10-16 09:37:40','[\"#d62828\", \"#003049\"]'),('0cde8328-83b9-561a-9a4d-9bbd82b92f3d','AORI-BTM-002','Kairo Chino','Minimal bottoms with quiet texture. Embraces wabi-sabi — subtle, lived-in comfort.','872e8fc3-4913-5723-be65-9ba332a8bc0b','Yugen','Linen','All_Season','Machine wash cold','https://github.com/Fubuki233/WebAppDev-Ca/blob/main/aori/src/main/resources/static/product-images/5.%20AORI-BTM-002.png?raw=true',109.00,97,'[\"XS\", \"S\", \"M\", \"L\", \"XL\"]',3.9,'Yugen, Casual, Bottoms','2025-10-06 04:56:59','2025-10-16 09:37:40','[\"#e6d198\", \"#dedede\"]'),('0f3f7ff0-fd00-40e1-96bc-dd00a5ff0bb8','AORI-TSH-059','T-Shirt 59','High quality t-shirt with excellent craftsmanship and comfortable fit','ba19a845-7874-5aae-8a21-55a3dd7faf3a','Premium Collection','Cotton','All_Season','Machine Wash - cold water only','https://github.com/Fubuki233/WebAppDev-Ca/blob/main/aori/src/main/resources/static/product-images/6.%20AORI-TSH-059.png?raw=true',69.00,38,'[\"XS\", \"S\", \"M\"]',2,'Premium, Casual, Tops, Best Seller','2025-10-13 01:14:24','2025-10-16 09:37:40','[\"#f2f2f2\", \"#ff6251\"]'),('146bc76e-add8-5866-8f28-0f2872233c8d','AORI-OUT-011','Kumo Parka','Minimal outerwear with quiet texture. Embraces wabi-sabi — subtle, lived-in comfort.','34bcca30-1c8f-5a9c-a0f5-03805c4d9f90','Yugen','Polyester','All_Season','Hand wash only','https://github.com/Fubuki233/WebAppDev-Ca/blob/main/aori/src/main/resources/static/product-images/7.%20AORI-OUT-011.png?raw=true',189.00,54,'[\"S\", \"M\", \"L\", \"XL\"]',4.6,'Yugen, Casual, Outerwear','2025-10-06 11:19:57','2025-10-16 09:37:40','[\"#747876\", \"#0a2540\"]'),('15fad798-52d1-480f-a9ac-2e3ea7b77365','AORI-HOD-075','Hoodie 75','High quality hoodie with excellent craftsmanship and comfortable fit','34bcca30-1c8f-5a9c-a0f5-03805c4d9f90','Autumn 2025','Cotton','Autumn','Machine Wash - cold water only','https://github.com/Fubuki233/WebAppDev-Ca/blob/main/aori/src/main/resources/static/product-images/8.%20AORI-HOD-075.png?raw=true',129.00,14,'[\"S\", \"M\", \"L\"]',1,'Casual, Outerwear','2025-10-13 01:14:26','2025-10-16 09:37:40','[\"#eb652c\", \"#003049\"]'),('16fc4f32-9ee2-42ad-b18b-34b7b5ddd4c0','AORI-SHT-094','Shorts 94','High quality shorts with excellent craftsmanship and comfortable fit','872e8fc3-4913-5723-be65-9ba332a8bc0b','Spring 2025','Viscose','Spring','Machine Wash - cold water only','https://github.com/Fubuki233/WebAppDev-Ca/blob/main/aori/src/main/resources/static/product-images/9.%20AORI-SHT-094.png?raw=true',99.00,28,'[\"M\", \"L\", \"XL\"]',3,'Casual, Bottoms','2025-10-13 01:14:29','2025-10-16 09:37:40','[\"#d29d00\", \"#6b705c\"]'),('18232b53-2f6d-45b2-86c2-66e6079f769f','AORI-TRS-033','Trousers 33','High quality trousers with excellent craftsmanship and comfortable fit','872e8fc3-4913-5723-be65-9ba332a8bc0b','Autumn 2025','Viscose','Autumn','Machine Wash - cold water only','https://github.com/Fubuki233/WebAppDev-Ca/blob/main/aori/src/main/resources/static/product-images/10.%20AORI-TRS-033.png?raw=true',119.00,37,'[\"XS\", \"S\", \"M\", \"L\"]',3,'Casual, Bottoms','2025-10-13 01:14:20','2025-10-16 09:37:40','[\"#787878\", \"#522500\"]'),('191e5abc-9c47-4492-8f5b-33149592cfa9','AORI-BLZ-082','Blazer 82','High quality blazer with excellent craftsmanship and comfortable fit','e9f387dd-5a32-5647-a4c6-8d9d3ae2982d','Summer 2025','Viscose','Summer','Dry Clean only','https://github.com/Fubuki233/WebAppDev-Ca/blob/main/aori/src/main/resources/static/product-images/11.%20AORI-BLZ-082.png?raw=true',199.00,74,'[\"XS\", \"S\", \"M\", \"L\"]',3,'Casual, Outerwear','2025-10-13 01:14:27','2025-10-16 09:37:40','[\"#76b2bc\", \"#828282\"]'),('1b0e2bf9-7203-4f96-8ac6-c23ab430da53','AORI-POL-048','Polo Shirt 48','High quality polo shirt with excellent craftsmanship and comfortable fit','ba19a845-7874-5aae-8a21-55a3dd7faf3a','Autumn 2025','Polyester','Autumn','Machine Wash - cold water only','https://github.com/Fubuki233/WebAppDev-Ca/blob/main/aori/src/main/resources/static/product-images/12.%20AORI-POL-048.png?raw=true',89.00,0,'[\"M\", \"L\", \"XL\", \"XXL\"]',3,'Casual, Tops','2025-10-13 01:14:22','2025-10-16 09:37:40','[\"#adadad\", \"#454545\"]'),('1cd228ae-82de-4e7c-ae4b-321a327b73a6','AORI-TSH-017','T-Shirt 17','High quality t-shirt with excellent craftsmanship and comfortable fit','ba19a845-7874-5aae-8a21-55a3dd7faf3a','Summer 2025','Cotton','Summer','Machine Wash - cold water only','https://github.com/Fubuki233/WebAppDev-Ca/blob/main/aori/src/main/resources/static/product-images/13.%20AORI-TSH-017.png?raw=true',69.00,0,'[\"M\", \"L\", \"XL\"]',2,'Casual, Tops','2025-10-13 01:14:18','2025-10-16 09:37:40','[\"#036ac7\", \"#4ecdc4\"]'),('20937ce3-c9aa-493c-a69e-e5d813118eeb','AORI-DRS-046','Formal Shirt 46','High quality formal shirt with excellent craftsmanship and comfortable fit','ba19a845-7874-5aae-8a21-55a3dd7faf3a','Summer 2025','Polyester','Summer','Wash separately','https://github.com/Fubuki233/WebAppDev-Ca/blob/main/aori/src/main/resources/static/product-images/14.%20AORI-DRS-046.png?raw=true',159.00,142,'[\"M\", \"L\", \"XL\", \"XXL\"]',3,'Casual, Formal, Tops','2025-10-13 01:14:22','2025-10-16 09:37:40','[\"#f5f4f6\", \"#7a7a7a\"]'),('218cf4ba-ef2d-42d6-b354-d98b399ed4ae','AORI-JKT-057','Jacket 57','High quality jacket with excellent craftsmanship and comfortable fit','34bcca30-1c8f-5a9c-a0f5-03805c4d9f90','Spring 2025','Wool','Spring','Dry clean only','https://github.com/Fubuki233/WebAppDev-Ca/blob/main/aori/src/main/resources/static/product-images/15.%20AORI-JKT-057.png?raw=true',199.00,0,'[\"S\", \"M\", \"L\"]',2,'Casual, Outerwear, Best Seller','2025-10-13 01:14:23','2025-10-16 09:37:40','[\"#c78132\", \"#0061ff\"]'),('241e5202-2628-472f-9d13-a81e788a5c20','AORI-JNS-050','Jeans 50','High quality jeans with excellent craftsmanship and comfortable fit','872e8fc3-4913-5723-be65-9ba332a8bc0b','Autumn 2025','Denim','Autumn','Machine Wash - cold water only','https://github.com/Fubuki233/WebAppDev-Ca/blob/main/aori/src/main/resources/static/product-images/16.%20AORI-JNS-050.png?raw=true',129.00,0,'[\"M\", \"L\", \"XL\", \"XXL\"]',5,'Casual, Bottoms','2025-10-13 01:14:23','2025-10-16 09:37:40','[\"#15749b\", \"#d2691e\"]'),('2495e5ed-ba86-4c9f-95c5-c162892c2671','AORI-DRS-061','Dress 61','High quality dress with excellent craftsmanship and comfortable fit','b55b90c3-8ba7-550f-a1f4-818b7639c403','Autumn 2025','Viscose','Autumn','Machine Wash - cold water only','https://github.com/Fubuki233/WebAppDev-Ca/blob/main/aori/src/main/resources/static/product-images/17.%20AORI-DRS-061.png?raw=true',169.00,0,'[\"XS\", \"S\", \"M\"]',1,'Casual, Tops, Dress','2025-10-13 01:14:24','2025-10-16 09:37:40','[\"#9e0000\", \"#ecf0f1\"]'),('25af6656-8c5a-493a-bb86-39b2b1ef2619','AORI-DRS-004','Dress 4','High quality dress shirt with excellent craftsmanship and comfortable fit','b55b90c3-8ba7-550f-a1f4-818b7639c403','Summer 2025','Cotton Blend','Summer','Machine Wash - cold water only','https://github.com/Fubuki233/WebAppDev-Ca/blob/main/aori/src/main/resources/static/product-images/18.%20AORI-DRS-004.png?raw=true',159.00,0,'[\"XS\", \"S\", \"M\", \"L\"]',1,'Casual, Tops, Dress','2025-10-13 01:14:16','2025-10-16 09:37:40','[\"#1e3cc2\", \"#bfc0c0\"]'),('27265314-c808-4035-81c5-3c60d30c13c9','AORI-POL-031','Polo Shirt 31','High quality polo shirt with excellent craftsmanship and comfortable fit','ba19a845-7874-5aae-8a21-55a3dd7faf3a','Autumn 2025','Cotton','Autumn','Machine Wash - cold water only','https://github.com/Fubuki233/WebAppDev-Ca/blob/main/aori/src/main/resources/static/product-images/19.%20AORI-POL-031.png?raw=true',89.00,0,'[\"M\", \"L\", \"XL\", \"XXL\"]',3,'Casual, Tops','2025-10-13 01:14:20','2025-10-16 09:37:40','[\"#5ca6f5\", \"#878787\"]'),('2938d084-6ffe-4850-9c78-5614b5e1ef6b','AORI-TSH-044','T-Shirt 44','High quality t-shirt with excellent craftsmanship and comfortable fit','ba19a845-7874-5aae-8a21-55a3dd7faf3a','Summer 2025','Cotton','Summer','Machine Wash - cold water only','https://github.com/Fubuki233/WebAppDev-Ca/blob/main/aori/src/main/resources/static/product-images/20.%20AORI-TSH-044.png?raw=true',69.00,0,'[\"S\", \"M\", \"L\"]',3,'Casual, Tops','2025-10-13 01:14:22','2025-10-16 09:37:40','[\"#b69eb0\", \"#bc4749\", \"#000000\"]'),('2a58e989-7aa4-5bcb-851d-7aeb5e011c6b','AORI-LWG-018','Suzu Lounge Pants','Minimal loungewear with quiet texture. Embraces wabi-sabi — subtle, lived-in comfort.','edf5cf71-b88c-5e05-9f42-010f36e1b352','Shizen','Cotton','All_Season','Machine wash cold','https://github.com/Fubuki233/WebAppDev-Ca/blob/main/aori/src/main/resources/static/product-images/21.%20AORI-LWG-018.png?raw=true',89.00,0,'[\"S\", \"M\", \"L\", \"XL\"]',4.1,'Shizen, Casual, Bottoms, Best Seller','2025-10-11 16:11:43','2025-10-16 09:37:40','[\"#89857a\", \"#f5f5f5\"]'),('31e8ad20-c183-4316-a123-530c0f40c922','AORI-SWT-018','Sweater 18','High quality sweater with excellent craftsmanship and comfortable fit','ba19a845-7874-5aae-8a21-55a3dd7faf3a','Autumn 2025','Polyester wool blend','Autumn','Hand Wash only','https://github.com/Fubuki233/WebAppDev-Ca/blob/main/aori/src/main/resources/static/product-images/22.%20AORI-SWT-018.png?raw=true',119.00,100,'[\"XS\", \"S\", \"M\", \"L\", \"XL\", \"XXL\"]',2.8,'Casual, Outerwear, Best Seller','2025-10-13 01:14:18','2025-10-16 09:37:40','[\"#d2a68e\", \"#828787\"]'),('3ea769c8-a306-4a5d-8f1f-34b389e1ab79','AORI-SWT-099','Sweater 99','High quality sweater with excellent craftsmanship and comfortable fit','d56ea216-65b1-5726-a5e4-d59b98ad0959','Autumn 2025','Wool','Autumn','Hand Wash only','https://github.com/Fubuki233/WebAppDev-Ca/blob/main/aori/src/main/resources/static/product-images/23.%20AORI-SWT-099.png?raw=true',119.00,79,'[\"XS\", \"S\", \"M\", \"L\", \"XL\", \"XXL\"]',5,'Casual, Outerwear, Best Seller','2025-10-13 01:14:29','2025-10-16 09:37:40','[\"#f0d268\"]'),('3f5509f3-979f-4a7b-9a90-fcf1ef427c5a','AORI-POL-073','Polo Shirt 73','High quality polo shirt with excellent craftsmanship and comfortable fit','ba19a845-7874-5aae-8a21-55a3dd7faf3a','Autumn 2025','Polyester','Autumn','Machine Wash - cold water only','https://github.com/Fubuki233/WebAppDev-Ca/blob/main/aori/src/main/resources/static/product-images/24.%20AORI-POL-073.png?raw=true',89.00,0,'[\"M\", \"L\", \"XL\"]',3,'Casual, Tops','2025-10-13 01:14:26','2025-10-16 09:37:40','[\"#757984\", \"#bc4749\"]'),('420039bb-26f6-5ce0-9397-556e51a652d8','AORI-LWG-020','Nami Knit Jogger','Minimal loungewear with quiet texture. Embraces wabi-sabi — subtle, lived-in comfort.','edf5cf71-b88c-5e05-9f42-010f36e1b352','Premium Collection','Wool Blend','All_Season','Machine wash cold','https://github.com/Fubuki233/WebAppDev-Ca/blob/main/aori/src/main/resources/static/product-images/25.%20AORI-LWG-020.png?raw=true',89.00,0,'[\"S\", \"M\", \"L\", \"XL\"]',4.6,'Premium, Casual, Bottoms','2025-06-04 15:13:50','2025-10-16 09:37:40','[\"#67503d\", \"#0a2540\"]'),('4535a8db-7fc1-4042-9590-978b926bf063','AORI-TSH-035','T-Shirt 35','High quality t-shirt with excellent craftsmanship and comfortable fit','ba19a845-7874-5aae-8a21-55a3dd7faf3a','Summer 2025','Cotton Blend','Summer','Machine Wash - cold water only','https://github.com/Fubuki233/WebAppDev-Ca/blob/main/aori/src/main/resources/static/product-images/26.%20AORI-TSH-035.png?raw=true',69.00,0,'[\"M\", \"L\", \"XL\", \"XXL\"]',3,'Casual, Tops','2025-10-13 01:14:20','2025-10-16 09:37:40','[\"#8d896e\", \"#4ecdc4\"]'),('47fdca9b-a346-4d37-bb69-de4ea7f3cb45','AORI-SKT-071','Skirt 71','High quality skirt with excellent craftsmanship and comfortable fit','80b36018-898d-5d01-93c2-864b1bea13fb','Spring 2025','Wool','Spring','Hand Wash only','https://github.com/Fubuki233/WebAppDev-Ca/blob/main/aori/src/main/resources/static/product-images/27.%20AORI-SKT-071.png?raw=true',109.00,0,'[\"S\", \"M\", \"L\", \"XL\"]',3,'Casual, Bottoms, Skirt','2025-10-13 01:14:25','2025-10-16 09:37:40','[\"#8B4513\", \"#D2691E\"]'),('48ce460c-4da7-4cb2-bd2d-437058f196bf','AORI-HOD-041','Hoodie 41','High quality hoodie with excellent craftsmanship and comfortable fit','34bcca30-1c8f-5a9c-a0f5-03805c4d9f90','Autumn 2025','Wool','Autumn','Machine Wash - cold water only','https://github.com/Fubuki233/WebAppDev-Ca/blob/main/aori/src/main/resources/static/product-images/28.%20AORI-HOD-041.png?raw=true',129.00,0,'[\"M\", \"L\", \"XL\"]',2,'Casual, Outerwear','2025-10-13 01:14:21','2025-10-16 09:37:40','[\"#396094\", \"#6b705c\"]'),('4947f631-ad60-4c23-8796-b58bbb7c28e7','AORI-TRS-096','Trousers 96','High quality trousers with excellent craftsmanship and comfortable fit','872e8fc3-4913-5723-be65-9ba332a8bc0b','Premium Collection','Linen','All_Season','Machine Wash - cold water only','https://github.com/Fubuki233/WebAppDev-Ca/blob/main/aori/src/main/resources/static/product-images/29.%20AORI-TRS-096.png?raw=true',119.00,0,'[\"XS\", \"S\", \"M\", \"L\"]',4,'Premium, Casual, Bottoms, Best Seller','2025-10-13 01:14:29','2025-10-16 09:37:40','[\"#131212\", \"#bc4749\"]'),('49b01f84-166c-4663-a25c-bce26495b7fa','AORI-JNS-036','Jeans 36','High quality jeans with excellent craftsmanship and comfortable fit','872e8fc3-4913-5723-be65-9ba332a8bc0b','Autumn 2025','Denim','Autumn','Machine Wash - cold water only','https://github.com/Fubuki233/WebAppDev-Ca/blob/main/aori/src/main/resources/static/product-images/30.%20AORI-JNS-036.png?raw=true',129.00,0,'[\"XS\", \"S\", \"M\", \"L\"]',1,'Casual, Bottoms','2025-10-13 01:14:21','2025-10-16 09:37:40','[\"#003947\", \"#000000\"]'),('4aff1453-a26b-44c8-87ed-12c5926c4530','AORI-HOD-030','Hoodie 30','High quality hoodie with excellent craftsmanship and comfortable fit','e9f387dd-5a32-5647-a4c6-8d9d3ae2982d','Autumn 2025','Wool','Autumn','Machine Wash - cold water only','https://github.com/Fubuki233/WebAppDev-Ca/blob/main/aori/src/main/resources/static/product-images/31.%20AORI-HOD-030.png?raw=true',119.00,55,'[\"XS\", \"S\", \"M\"]',2,'Casual, Outerwear','2025-10-13 01:14:20','2025-10-16 09:37:40','[\"#d17a7a\", \"#8d969a\"]'),('4c384db8-a951-4838-ba33-f097945ffee7','AORI-SHT-085','Shorts 85','High quality shorts with excellent craftsmanship and comfortable fit','872e8fc3-4913-5723-be65-9ba332a8bc0b','Summer 2025','cotton','Summer','Machine Wash - cold water only','https://github.com/Fubuki233/WebAppDev-Ca/blob/main/aori/src/main/resources/static/product-images/32.%20AORI-SHT-085.png?raw=true',99.00,0,'[\"S\", \"M\", \"L\"]',2,'Casual, Bottoms','2025-10-13 01:14:27','2025-10-16 09:37:40','[\"#928f92\", \"#4ecdc4\"]'),('4c98bcec-11fe-4d2b-ae10-a5721d792a13','AORI-TSH-047','T-Shirt 47','High quality t-shirt with excellent craftsmanship and comfortable fit','ba19a845-7874-5aae-8a21-55a3dd7faf3a','Summer 2025','Cotton','Summer','Machine Wash - cold water only','https://github.com/Fubuki233/WebAppDev-Ca/blob/main/aori/src/main/resources/static/product-images/33.%20AORI-TSH-047.png?raw=true',69.00,0,'[\"M\", \"L\", \"XL\", \"XXL\"]',2,'Casual, Tops','2025-10-13 01:14:22','2025-10-16 09:37:40','[\"#727056\", \"#003049\"]'),('4fe6c370-ad21-4692-8f2b-007e2f6f4286','AORI-JKT-068','Jacket 68','High quality jacket with excellent craftsmanship and comfortable fit','ba19a845-7874-5aae-8a21-55a3dd7faf3a','Autumn 2025','Cotton','Autumn','Machine Wash - cold water only','https://github.com/Fubuki233/WebAppDev-Ca/blob/main/aori/src/main/resources/static/product-images/34.%20AORI-JKT-068.png?raw=true',199.00,0,'[\"XS\", \"S\", \"M\", \"L\"]',2,'Casual, Outerwear','2025-10-13 01:14:25','2025-10-16 09:37:40','[\"#14161b\", \"#006d8f\"]'),('4ffde3ec-bf16-589c-bd40-01d298351095','AORI-OUT-015','Kumo Parka','Minimal outerwear with quiet texture. Embraces wabi-sabi — subtle, lived-in comfort.','e9f387dd-5a32-5647-a4c6-8d9d3ae2982d','Yugen','Denim','All_Season','Hand wash only','https://github.com/Fubuki233/WebAppDev-Ca/blob/main/aori/src/main/resources/static/product-images/35.%20AORI-OUT-015.png?raw=true',199.00,0,'[\"S\", \"M\", \"L\", \"XL\"]',4,'Yugen, Casual, Outerwear, Best Seller','2025-08-24 21:08:17','2025-10-16 09:37:40','[\"#F5F5F5\", \"#111111\"]'),('521b9a23-d73a-5243-bfde-33a32fcff028','AORI-OUT-013','Sabi Denim Jacket','Minimal outerwear with quiet texture. Embraces wabi-sabi — subtle, lived-in comfort.','34bcca30-1c8f-5a9c-a0f5-03805c4d9f90','Shizen','Denim','All_Season','Hand Wash only','https://github.com/Fubuki233/WebAppDev-Ca/blob/main/aori/src/main/resources/static/product-images/36.%20AORI-OUT-013.png?raw=true',189.00,0,'[\"S\", \"M\", \"L\", \"XL\"]',4.7,'Shizen, Casual, Outerwear, Best Seller','2025-05-14 12:39:54','2025-10-16 09:37:40','[\"#4a6c83\", \"#232323\"]'),('537b4028-724e-4e0c-87a1-dddfac5f10d1','AORI-TSH-001','T-Shirt 1','High quality t-shirt with excellent craftsmanship and comfortable fit','ba19a845-7874-5aae-8a21-55a3dd7faf3a','Summer 2025','Cotton','Summer','Machine Wash - cold water only','https://github.com/Fubuki233/WebAppDev-Ca/blob/main/aori/src/main/resources/static/product-images/37.%20AORI-TSH-001.png?raw=true',69.00,0,'[\"M\", \"L\", \"XL\", \"XXL\"]',3,'Casual, Tops','2025-10-13 01:14:16','2025-10-16 09:37:40','[\"#e7d4cd\", \"#ecf0f1\"]'),('549760e4-7614-4503-b4a1-e7cd7fac7b80','AORI-SHT-093','Shorts 93','High quality shorts with excellent craftsmanship and comfortable fit','872e8fc3-4913-5723-be65-9ba332a8bc0b','Summer 2025','Cotton','Summer','Machine Wash - cold water only','https://github.com/Fubuki233/WebAppDev-Ca/blob/main/aori/src/main/resources/static/product-images/38.%20AORI-SHT-093.png?raw=true',99.00,0,'[\"M\", \"L\", \"XL\"]',1,'Casual, Bottoms, Sporty','2025-10-13 01:14:28','2025-10-16 09:37:40','[\"#545454\", \"#536e6d\"]'),('5768aa76-b142-5f0a-ba39-8a890ea0e6c4','AORI-LWG-017','Mori Fleece Shorts','Minimal loungewear with quiet texture. Embraces wabi-sabi — subtle, lived-in comfort.','edf5cf71-b88c-5e05-9f42-010f36e1b352','Premium 2025','Cotton','All_Season','Machine Wash - cold water only','https://github.com/Fubuki233/WebAppDev-Ca/blob/main/aori/src/main/resources/static/product-images/39.%20AORI-LWG-017.png?raw=true',89.00,50,'[\"S\", \"M\", \"L\", \"XL\"]',4.4,'Premium, Casual, Bottoms','2025-05-15 19:30:42','2025-10-16 09:37:40','[\"#9c9c9c\", \"#4b5b1a\"]'),('5ad692b3-560f-4076-b1cc-6ce879b8400c','AORI-JKT-003','Jacket 3','High quality jacket with excellent craftsmanship and comfortable fit','34bcca30-1c8f-5a9c-a0f5-03805c4d9f90','Spring 2025','Polyester','Spring','Machine Wash - cold water only','https://github.com/Fubuki233/WebAppDev-Ca/blob/main/aori/src/main/resources/static/product-images/40.%20AORI-JKT-003.png?raw=true',199.00,0,'[\"M\", \"L\", \"XL\"]',2,'Casual, Outerwear','2025-10-13 01:14:16','2025-10-16 09:37:40','[\"#b96749\", \"#583400\"]'),('6034b113-debf-418b-b020-c668acabc772','AORI-JNS-092','Jeans 92','High quality jeans with excellent craftsmanship and comfortable fit','872e8fc3-4913-5723-be65-9ba332a8bc0b','Autumn 2025','Denim','Autumn','Machine Wash - cold water only','https://github.com/Fubuki233/WebAppDev-Ca/blob/main/aori/src/main/resources/static/product-images/41.%20AORI-JNS-092.png?raw=true',139.00,0,'[\"S\", \"M\", \"L\"]',4,'Casual, Bottoms','2025-10-13 01:14:28','2025-10-16 09:37:40','[\"#708da4\", \"#ecf0f1\"]'),('64e2cf80-808f-4a66-891e-e4de4813311b','AORI-SWT-095','Sweater 95','High quality sweater with excellent craftsmanship and comfortable fit','d56ea216-65b1-5726-a5e4-d59b98ad0959','Spring 2025','Wool','Spring','Hand Wash only','https://github.com/Fubuki233/WebAppDev-Ca/blob/main/aori/src/main/resources/static/product-images/42.%20AORI-SWT-095.png?raw=true',119.00,60,'[\"XS\", \"S\", \"M\", \"L\"]',2,'Casual, Outerwear','2025-10-13 01:14:29','2025-10-16 09:37:40','[\"#c37f72\", \"#003049\"]'),('64fe382e-bdfa-4ddc-9e57-0448f9d811a4','AORI-POL-028','Polo Shirt 28','High quality polo shirt with excellent craftsmanship and comfortable fit','ba19a845-7874-5aae-8a21-55a3dd7faf3a','Autumn 2025','Cotton-Polyester Blend','Autumn','Machine Wash - cold water only','https://github.com/Fubuki233/WebAppDev-Ca/blob/main/aori/src/main/resources/static/product-images/43.%20AORI-POL-028.png?raw=true',89.00,95,'[\"XS\", \"S\", \"M\", \"L\"]',3,'Casual, Tops','2025-10-13 01:14:19','2025-10-16 09:37:40','[\"#99b8db\", \"#d2691e\"]'),('6524e459-4acf-53a2-a86d-fd5044f3649e','AORI-BTM-003','Tsubaki Trousers','Minimal bottoms with quiet texture. Embraces wabi-sabi — subtle, lived-in comfort.','80b36018-898d-5d01-93c2-864b1bea13fb','Autumn 2025','Denim','Autumn','Machine Wash - cold water only','https://github.com/Fubuki233/WebAppDev-Ca/blob/main/aori/src/main/resources/static/product-images/44.%20AORI-BTM-003.png?raw=true',109.00,0,'[\"XS\", \"S\", \"M\", \"L\", \"XL\"]',4.6,'Casual, Bottoms','2025-07-23 15:20:28','2025-10-16 09:37:40','[\"#6B705C\", \"#C0A080\"]'),('67ad8bd5-b6c8-4814-a8ab-b86c6ff5acc9','AORI-JKT-022','Jacket 22','High quality jacket with excellent craftsmanship and comfortable fit','34bcca30-1c8f-5a9c-a0f5-03805c4d9f90','Autumn 2025','Denim','Autumn','Machine Wash - cold water only','https://github.com/Fubuki233/WebAppDev-Ca/blob/main/aori/src/main/resources/static/product-images/45.%20AORI-JKT-022.png?raw=true',199.00,45,'[\"XS\", \"S\", \"M\", \"L\", \"XL\", \"XXL\"]',2,'Casual, Outerwear','2025-10-13 01:14:19','2025-10-16 09:37:40','[\"#0e326c\", \"#565452\"]'),('67adbdee-c57c-4f6c-92bc-34f21ee77dfc','AORI-TRS-084','Trousers 84','High quality trousers with excellent craftsmanship and comfortable fit','872e8fc3-4913-5723-be65-9ba332a8bc0b','Autumn 2025','Cotton','Autumn','Machine Wash - cold water only','https://github.com/Fubuki233/WebAppDev-Ca/blob/main/aori/src/main/resources/static/product-images/46.%20AORI-TRS-084.png?raw=true',119.00,0,'[\"S\", \"M\", \"L\", \"XL\"]',3,'Casual, Bottoms','2025-10-13 01:14:27','2025-10-16 09:37:40','[\"#8B4513\", \"#D2691E\"]'),('680b4e1e-319e-4b4d-8c17-162e45beed61','AORI-POL-007','Polo Shirt 7','High quality polo shirt with excellent craftsmanship and comfortable fit','ba19a845-7874-5aae-8a21-55a3dd7faf3a','Autumn 2025','Cashmere','Autumn','Machine Wash - cold water only','https://github.com/Fubuki233/WebAppDev-Ca/blob/main/aori/src/main/resources/static/product-images/47.%20AORI-POL-007.png?raw=true',89.00,0,'[\"M\", \"L\", \"XL\", \"XXL\"]',3,'Casual, Tops','2025-10-13 01:14:17','2025-10-16 09:37:40','[\"#2D3142\", \"#BFC0C0\"]'),('823b1f64-418c-48b6-84a0-7093a4bed849','AORI-JKT-052','Jacket 52','High quality jacket with excellent craftsmanship and comfortable fit','34bcca30-1c8f-5a9c-a0f5-03805c4d9f90','Autumn 2025','Polyester','Autumn','Machine Wash - cold water only','https://github.com/Fubuki233/WebAppDev-Ca/blob/main/aori/src/main/resources/static/product-images/48.%20AORI-JKT-052.png?raw=true',199.00,0,'[\"M\", \"L\", \"XL\"]',4,'Casual, Outerwear','2025-10-13 01:14:23','2025-10-16 09:37:40','[\"#97a591\", \"#bfc0c0\"]'),('87c97c02-ccaa-4c4a-84f8-a7a05f72b67d','AORI-TSH-039','T-Shirt 39','High quality t-shirt with excellent craftsmanship and comfortable fit','ba19a845-7874-5aae-8a21-55a3dd7faf3a','Summer 2025','Denim','Summer','Machine Wash - cold water only','https://github.com/Fubuki233/WebAppDev-Ca/blob/main/aori/src/main/resources/static/product-images/49.%20AORI-TSH-039.png?raw=true',69.00,0,'[\"S\", \"M\", \"L\"]',5,'Casual, Tops','2025-10-13 01:14:21','2025-10-16 09:37:40','[\"#000000\", \"#ffffff\"]'),('8d3fc70c-1f5e-40f9-b7ef-02c26a5af7e9','AORI-BLZ-042','Blazer 42','High quality blazer with excellent craftsmanship and comfortable fit','e9f387dd-5a32-5647-a4c6-8d9d3ae2982d','Autumn 2025','Polyester','Autumn','Dry Clean only','https://github.com/Fubuki233/WebAppDev-Ca/blob/main/aori/src/main/resources/static/product-images/50.%20AORI-BLZ-042.png?raw=true',199.00,233,'[\"S\", \"M\", \"L\", \"XL\"]',3,'Casual, Outerwear','2025-10-13 01:14:21','2025-10-16 09:37:40','[\"#d62828\", \"#003049\"]'),('8f9936b4-b040-4884-aa09-651fbb142b6e','AORI-TRS-070','Trousers 70','High quality trousers with excellent craftsmanship and comfortable fit','872e8fc3-4913-5723-be65-9ba332a8bc0b','Autumn 2025','Wool','Autumn','Machine Wash - cold water only','https://github.com/Fubuki233/WebAppDev-Ca/blob/main/aori/src/main/resources/static/product-images/51.%20AORI-TRS-070.png?raw=true',119.00,0,'[\"S\", \"M\", \"L\"]',2,'Casual, Bottoms','2025-10-13 01:14:25','2025-10-16 09:37:40','[\"#6A994E\", \"#BC4749\"]'),('909507b7-dbba-473e-929f-db6349f2cc85','AORI-TSH-020','T-Shirt 20','High quality t-shirt with excellent craftsmanship and comfortable fit','ba19a845-7874-5aae-8a21-55a3dd7faf3a','Summer 2025','Linen','Summer','Machine Wash - cold water only','https://github.com/Fubuki233/WebAppDev-Ca/blob/main/aori/src/main/resources/static/product-images/52.%20AORI-TSH-020.png?raw=true',69.00,0,'[\"S\", \"M\", \"L\"]',2,'Casual, Tops','2025-10-13 01:14:18','2025-10-16 09:37:40','[\"#0A2540\", \"#6B705C\"]'),('92bdf2ea-2cee-4013-ac5a-74f929107c01','AORI-TSH-064','T-Shirt 64','High quality t-shirt with excellent craftsmanship and comfortable fit','b55b90c3-8ba7-550f-a1f4-818b7639c403','Summer 2025','Cotton','Summer','Machine Wash - cold water only','https://github.com/Fubuki233/WebAppDev-Ca/blob/main/aori/src/main/resources/static/product-images/53.%20AORI-TSH-064.png?raw=true',69.00,0,'[\"XS\", \"S\", \"M\"]',2,'Casual, Tops','2025-10-13 01:14:24','2025-10-16 09:37:40','[\"#dce8e3\", \"#bfc0c0\"]'),('96ba127d-a726-4228-9434-33c5f3d3c2a5','AORI-HOD-078','Hoodie 78','High quality hoodie with excellent craftsmanship and comfortable fit','34bcca30-1c8f-5a9c-a0f5-03805c4d9f90','Autumn 2025','Silk','Autumn','Machine Wash - cold water only','https://github.com/Fubuki233/WebAppDev-Ca/blob/main/aori/src/main/resources/static/product-images/54.%20AORI-HOD-078.png?raw=true',129.00,0,'[\"XS\", \"S\", \"M\", \"L\"]',3,'Casual, Outerwear','2025-10-13 01:14:26','2025-10-16 09:37:40','[\"#8B4513\", \"#D2691E\"]'),('9c242c69-e780-48ec-b164-81fb987279e4','AORI-JKT-083','Jacket 83','High quality jacket with excellent craftsmanship and comfortable fit','34bcca30-1c8f-5a9c-a0f5-03805c4d9f90','Spring 2025','Wool','Spring','Machine Wash - cold water only','https://github.com/Fubuki233/WebAppDev-Ca/blob/main/aori/src/main/resources/static/product-images/55.%20AORI-JKT-083.png?raw=true',199.00,0,'[\"S\", \"M\", \"L\"]',2,'Casual, Outerwear','2025-10-13 01:14:27','2025-10-16 09:37:40','[\"#000000\", \"#FFFFFF\"]'),('9d480f8f-ec6d-43d3-9277-81d84a1a79aa','AORI-SWT-026','Sweater 26','High quality sweater with excellent craftsmanship and comfortable fit','d56ea216-65b1-5726-a5e4-d59b98ad0959','Spring 2025','Wool','Spring','Hand Wash only','https://github.com/Fubuki233/WebAppDev-Ca/blob/main/aori/src/main/resources/static/product-images/56.%20AORI-SWT-026.png?raw=true',119.00,145,'[\"XS\", \"S\", \"M\", \"L\", \"XL\", \"XXL\"]',4.2,'Casual, Outerwear','2025-10-13 01:14:19','2025-10-16 09:37:40','[\"#a97335\", \"#848980\"]'),('9f017154-5647-4218-8f44-bd2c9fefc782','AORI-SHT-072','Shorts 72','High quality shorts with excellent craftsmanship and comfortable fit','872e8fc3-4913-5723-be65-9ba332a8bc0b','Autumn 2025','Leather','Autumn','Machine Wash - cold water only','https://github.com/Fubuki233/WebAppDev-Ca/blob/main/aori/src/main/resources/static/product-images/57.%20AORI-SHT-072.png?raw=true',99.00,0,'[\"XS\", \"S\", \"M\"]',3,'Casual, Bottoms','2025-10-13 01:14:26','2025-10-16 09:37:40','[\"#1A535C\", \"#4ECDC4\"]'),('a0de2dda-98c8-4c92-b53d-6cae4ffa8573','AORI-HOD-076','Hoodie 76','High quality hoodie with excellent craftsmanship and comfortable fit','e9f387dd-5a32-5647-a4c6-8d9d3ae2982d','Autumn 2025','Polyester-cotton blend','Autumn','Machine Wash - cold water only','https://github.com/Fubuki233/WebAppDev-Ca/blob/main/aori/src/main/resources/static/product-images/58.%20AORI-HOD-076.png?raw=true',129.00,47,'[\"S\", \"M\", \"L\"]',4,'Casual, Outerwear, Best Seller','2025-10-13 01:14:26','2025-10-16 09:37:40','[\"#9ecfff\", \"#a0af74\"]'),('a1fc9468-f231-56a1-9c34-0c2c12ccec72','AORI-OUT-014','Kumo Parka','Minimal outerwear with quiet texture. Embraces wabi-sabi — subtle, lived-in comfort.','34bcca30-1c8f-5a9c-a0f5-03805c4d9f90','Autumn 2025','Cotton','Autumn','Hand wash only','https://github.com/Fubuki233/WebAppDev-Ca/blob/main/aori/src/main/resources/static/product-images/59.%20AORI-OUT-014.png?raw=true',199.00,0,'[\"S\", \"M\", \"L\", \"XL\"]',4.7,'Casual, Outerwear','2025-05-29 17:02:04','2025-10-16 09:37:40','[\"#0A2540\", \"#6B705C\"]'),('a6ed201c-d4fa-4c18-b9d9-0d2eccbe05bc','AORI-SHT-063','Shorts 63','High quality shorts with excellent craftsmanship and comfortable fit','872e8fc3-4913-5723-be65-9ba332a8bc0b','Summer 2025','Viscose','Summer','Machine Wash - cold water only','https://github.com/Fubuki233/WebAppDev-Ca/blob/main/aori/src/main/resources/static/product-images/60.%20AORI-SHT-063.png?raw=true',99.00,0,'[\"XS\", \"S\", \"M\", \"L\"]',5,'Casual, Bottoms','2025-10-13 01:14:24','2025-10-16 09:37:40','[\"#6A994E\", \"#BC4749\"]'),('ab7bde08-d788-50a2-b9dd-f4296bbab64d','AORI-TOP-006','Shizen Linen Tee','Minimal tops with quiet texture. Embraces wabi-sabi — subtle, lived-in comfort.','ba19a845-7874-5aae-8a21-55a3dd7faf3a','Shizen','Linen','All_Season','Machine Wash - cold water only','https://github.com/Fubuki233/WebAppDev-Ca/blob/main/aori/src/main/resources/static/product-images/61.%20AORI-TOP-006.png?raw=true',89.00,0,'[\"XS\", \"S\", \"M\", \"L\", \"XL\"]',4.5,'Shizen, Casual, Tops, Best Seller','2025-06-26 01:28:51','2025-10-16 09:37:40','[\"#dedad0\", \"#111111\"]'),('ac385ff3-df97-427d-947c-00165b63fb95','AORI-JNS-009','Jeans 9','High quality jeans with excellent craftsmanship and comfortable fit','872e8fc3-4913-5723-be65-9ba332a8bc0b','Autumn 2025','Denim','Autumn','Machine Wash - cold water only','https://github.com/Fubuki233/WebAppDev-Ca/blob/main/aori/src/main/resources/static/product-images/62.%20AORI-JNS-009.png?raw=true',129.00,0,'[\"S\", \"M\", \"L\", \"XL\"]',2,'Casual, Bottoms','2025-10-13 01:14:17','2025-10-16 09:37:40','[\"#3a88fe\", \"#f1faee\"]'),('ac7be4e8-1641-5a84-a99c-8a2e4c4290b8','AORI-LWG-016','Nami Knit Jogger','Minimal loungewear with quiet texture. Embraces wabi-sabi — subtle, lived-in comfort.','edf5cf71-b88c-5e05-9f42-010f36e1b352','Premium Collection','Polyester viscose','All_Season','Machine wash cold','https://github.com/Fubuki233/WebAppDev-Ca/blob/main/aori/src/main/resources/static/product-images/63.%20AORI-LWG-016.png?raw=true',89.00,145,'[\"S\", \"M\", \"L\", \"XL\", \"XXL\"]',4.2,'Premium, Casual, Bottoms','2025-08-22 22:04:41','2025-10-16 09:37:40','[\"#a2422a\", \"#787878\"]'),('acfa4750-e56e-5cb5-8661-7024aefff8df','AORI-ACC-021','Suzu Cap','Minimal accessories with quiet texture. Embraces wabi-sabi — subtle, lived-in comfort.','a81a3f7f-9140-599c-813e-301024518ba0','Premium Collection','Linen','All_Season','Hand Wash only','https://github.com/Fubuki233/WebAppDev-Ca/blob/main/aori/src/main/resources/static/product-images/64.%20AORI-ACC-021.png?raw=true',69.00,0,'[\"M\", \"L\", \"XL\"]',4.7,'Premium, Accessories','2025-05-29 01:19:08','2025-10-16 09:37:40','[\"#38571a\", \"#111111\"]'),('b0934ce6-a455-40ad-b654-99a27ba79a24','AORI-SHT-081','Shorts 81','High quality shorts with excellent craftsmanship and comfortable fit','80b36018-898d-5d01-93c2-864b1bea13fb','Summer 2025','Cotton','Summer','Machine Wash - cold water only','https://github.com/Fubuki233/WebAppDev-Ca/blob/main/aori/src/main/resources/static/product-images/65.%20AORI-SHT-081.png?raw=true',99.00,0,'[\"XS\", \"S\", \"M\", \"L\"]',3,'Casual, Bottoms','2025-10-13 01:14:27','2025-10-16 09:37:40','[\"#be7474\", \"#4ecdc4\"]'),('b10ac1be-4a01-4a5e-b507-1eb4b6feac12','AORI-JNS-086','Jeans 86','High quality jeans with excellent craftsmanship and comfortable fit','872e8fc3-4913-5723-be65-9ba332a8bc0b','Autumn 2025','Cotton Blend','Autumn','Machine Wash - cold water only','https://github.com/Fubuki233/WebAppDev-Ca/blob/main/aori/src/main/resources/static/product-images/66.%20AORI-JNS-086.png?raw=true',139.00,0,'[\"S\", \"M\", \"L\", \"XL\"]',1,'Casual, Bottoms','2025-10-13 01:14:28','2025-10-16 09:37:40','[\"#6A994E\", \"#BC4749\"]'),('b492f3b5-95ef-4cbc-8241-fd8a464d17ff','AORI-JNS-097','Jeans 97','High quality jeans with excellent craftsmanship and comfortable fit','872e8fc3-4913-5723-be65-9ba332a8bc0b','Autumn 2025','Viscose','Autumn','Machine Wash - cold water only','https://github.com/Fubuki233/WebAppDev-Ca/blob/main/aori/src/main/resources/static/product-images/67.%20AORI-JNS-097.png?raw=true',129.00,0,'[\"S\", \"M\", \"L\"]',1,'Casual, Bottoms','2025-10-13 01:14:29','2025-10-16 09:37:40','[\"#2C3E50\", \"#ECF0F1\"]'),('b6cae2dc-1681-4a72-a751-7adcc8e9f063','AORI-POL-077','Polo Shirt 77','High quality polo shirt with excellent craftsmanship and comfortable fit','ba19a845-7874-5aae-8a21-55a3dd7faf3a','Autumn 2025','Denim','Autumn','Machine Wash - cold water only','https://github.com/Fubuki233/WebAppDev-Ca/blob/main/aori/src/main/resources/static/product-images/68.%20AORI-POL-077.png?raw=true',89.00,0,'[\"S\", \"M\", \"L\", \"XL\"]',1,'Casual, Tops','2025-10-13 01:14:26','2025-10-16 09:37:40','[\"#2C3E50\", \"#ECF0F1\"]'),('b7734946-69d7-5b99-a113-f2c2af1cedfc','AORI-LWG-019','Mori Fleece Shorts','Minimal loungewear with quiet texture. Embraces wabi-sabi — subtle, lived-in comfort.','edf5cf71-b88c-5e05-9f42-010f36e1b352','Premium 2025','Polyester','All_Season','Machine Wash - cold water only','https://github.com/Fubuki233/WebAppDev-Ca/blob/main/aori/src/main/resources/static/product-images/69.%20AORI-LWG-019.png?raw=true',89.00,102,'[\"S\", \"M\", \"L\", \"XL\"]',4.5,'Premium, Casual, Bottoms','2025-07-22 05:08:46','2025-10-16 09:37:40','[\"#a885a7\", \"#c0a080\"]'),('b9c47144-99a4-4978-abdb-bd2400095cab','AORI-JKT-032','Jacket 32','High quality jacket with excellent craftsmanship and comfortable fit','34bcca30-1c8f-5a9c-a0f5-03805c4d9f90','Spring 2025','Denim','Spring','Machine Wash - cold water only','https://github.com/Fubuki233/WebAppDev-Ca/blob/main/aori/src/main/resources/static/product-images/70.%20AORI-JKT-032.png?raw=true',199.00,0,'[\"S\", \"M\", \"L\"]',5,'Casual, Outerwear','2025-10-13 01:14:20','2025-10-16 09:37:40','[\"#6A994E\", \"#BC4749\"]'),('bc5b87d6-6872-4460-9c39-0dc1a841fe3d','AORI-SHT-029','Shorts 29','High quality shorts with excellent craftsmanship and comfortable fit','872e8fc3-4913-5723-be65-9ba332a8bc0b','Spring 2025','Polyester','Spring','Machine Wash - cold water only','https://github.com/Fubuki233/WebAppDev-Ca/blob/main/aori/src/main/resources/static/product-images/71.%20AORI-SHT-029.png?raw=true',99.00,0,'[\"XS\", \"S\", \"M\"]',4,'Casual, Bottoms','2025-10-13 01:14:20','2025-10-16 09:37:40','[\"#FF6B6B\", \"#4ECDC4\"]'),('c382dc67-99fe-4e84-9119-dab32b90b99e','AORI-TSH-065','T-Shirt 65','High quality t-shirt with excellent craftsmanship and comfortable fit','ba19a845-7874-5aae-8a21-55a3dd7faf3a','Summer 2025','Cashmere','Summer','Machine Wash - cold water only','https://github.com/Fubuki233/WebAppDev-Ca/blob/main/aori/src/main/resources/static/product-images/72.%20AORI-TSH-065.png?raw=true',69.00,0,'[\"XS\", \"S\", \"M\", \"L\"]',5,'Casual, Tops','2025-10-13 01:14:25','2025-10-16 09:37:40','[\"#E63946\", \"#F1FAEE\"]'),('c7e51500-8a81-4d16-860a-25888a883d37','AORI-TSH-062','T-Shirt 62','High quality t-shirt with excellent craftsmanship and comfortable fit','b55b90c3-8ba7-550f-a1f4-818b7639c403','Summer 2025','Cotton','Summer','Machine Wash - cold water only','https://github.com/Fubuki233/WebAppDev-Ca/blob/main/aori/src/main/resources/static/product-images/73.%20AORI-TSH-062.png?raw=true',69.00,0,'[\"XS\", \"S\", \"M\"]',3,'Casual, Tops','2025-10-13 01:14:24','2025-10-16 09:37:40','[\"#af95a7\", \"#831100\"]'),('c89471d2-b26c-5aaf-b1c9-4bd2be04023c','AORI-SKT-001','Hikari Pleat Skirt','Minimal bottoms with quiet texture. Embraces wabi-sabi — subtle, lived-in comfort.','80b36018-898d-5d01-93c2-864b1bea13fb','Spring 2025','Linen','Spring','Hand Wash only','https://github.com/Fubuki233/WebAppDev-Ca/blob/main/aori/src/main/resources/static/product-images/74.%20AORI-BTM-001.png?raw=true',40.13,0,'[\"XS\", \"S\", \"M\", \"L\", \"XL\", \"XXL\"]',5,'Casual, Bottoms, Skirt, Best Seller','2025-06-14 10:03:58','2025-10-16 09:13:44','[\"#c0a080\", \"#f5f5f5\"]'),('caebc3cd-10a7-45cc-9572-a0e430dbd723','AORI-BLZ-045','Blazer 45','High quality blazer with excellent craftsmanship and comfortable fit','34bcca30-1c8f-5a9c-a0f5-03805c4d9f90','Spring 2025','Cotton','Spring','Dry Clean only','https://github.com/Fubuki233/WebAppDev-Ca/blob/main/aori/src/main/resources/static/product-images/75.%20AORI-BLZ-045.png?raw=true',199.00,110,'[\"M\", \"L\", \"XL\", \"XXL\"]',4.9,'Formal, Outerwear','2025-10-13 01:14:22','2025-10-16 09:37:40','[\"#0a2540\", \"#6b705c\"]'),('ce078306-9271-48ab-8017-5325e74a8fae','AORI-JNS-037','Jeans 37','High quality jeans with excellent craftsmanship and comfortable fit','872e8fc3-4913-5723-be65-9ba332a8bc0b','Autumn 2025','Polyester','Autumn','Machine Wash - cold water only','https://github.com/Fubuki233/WebAppDev-Ca/blob/main/aori/src/main/resources/static/product-images/76.%20AORI-JNS-037.png?raw=true',129.00,0,'[\"M\", \"L\", \"XL\"]',5,'Casual, Bottoms','2025-10-13 01:14:21','2025-10-16 09:37:40','[\"#0A2540\", \"#6B705C\"]'),('d1b0f01a-fbab-5efc-8234-82653e3762bf','AORI-TOP-007','Asahi Tee','Minimal tops with quiet texture. Embraces wabi-sabi — subtle, lived-in comfort.','ba19a845-7874-5aae-8a21-55a3dd7faf3a','Yugen','Cotton','All_Season','Machine Wash - cold water only','https://github.com/Fubuki233/WebAppDev-Ca/blob/main/aori/src/main/resources/static/product-images/77.%20AORI-TOP-007.png?raw=true',89.00,0,'[\"XS\", \"S\", \"M\", \"L\", \"XL\"]',4.7,'Yugen, Casual, Tops','2025-09-01 13:15:02','2025-10-16 09:37:40','[\"#0176bd\", \"#ad3e00\"]'),('d71c14d0-e36e-40ed-9a72-1e3b4c88c785','AORI-JKT-006','Jacket 6','High quality jacket with excellent craftsmanship and comfortable fit','34bcca30-1c8f-5a9c-a0f5-03805c4d9f90','Autumn 2025','Cotton Blend','Autumn','Machine Wash - cold water only','https://github.com/Fubuki233/WebAppDev-Ca/blob/main/aori/src/main/resources/static/product-images/78.%20AORI-JKT-006.png?raw=true',199.00,0,'[\"XS\", \"S\", \"M\", \"L\"]',5,'Casual, Outerwear','2025-10-13 01:14:16','2025-10-16 09:37:40','[\"#D62828\", \"#003049\"]'),('d77eaae7-7d77-58b7-999e-1248de3b0101','AORI-TOP-009','Mizu Rib Tee','Minimal tops with quiet texture. Embraces wabi-sabi — subtle, lived-in comfort.','b55b90c3-8ba7-550f-a1f4-818b7639c403','Spring 2025','Wool Blend','Spring','Machine Wash - cold water only','https://github.com/Fubuki233/WebAppDev-Ca/blob/main/aori/src/main/resources/static/product-images/79.%20AORI-TOP-009.png?raw=true',89.00,0,'[\"XS\", \"S\", \"M\", \"L\", \"XL\"]',4.2,'Casual, Tops','2025-06-10 06:40:21','2025-10-16 09:37:40','[\"#d5a79f\", \"#d29d00\"]'),('dc415f6c-d38e-4605-a59d-7020ce850552','AORI-POL-055','Polo Shirt 55','High quality polo shirt with excellent craftsmanship and comfortable fit','ba19a845-7874-5aae-8a21-55a3dd7faf3a','Autumn 2025','Denim','Autumn','Machine Wash - cold water only','https://github.com/Fubuki233/WebAppDev-Ca/blob/main/aori/src/main/resources/static/product-images/80.%20AORI-POL-055.png?raw=true',89.00,0,'[\"S\", \"M\", \"L\", \"XL\"]',3,'Casual, Tops','2025-10-13 01:14:23','2025-10-16 09:37:40','[\"#6A994E\", \"#BC4749\"]'),('dec41ab0-b5f8-4d40-83a0-04027de9aaad','AORI-BLZ-023','Blazer 23','High quality blazer with excellent craftsmanship and comfortable fit','e9f387dd-5a32-5647-a4c6-8d9d3ae2982d','Spring 2025','Silk','Spring','Dry Clean only','https://github.com/Fubuki233/WebAppDev-Ca/blob/main/aori/src/main/resources/static/product-images/81.%20AORI-BLZ-023.png?raw=true',199.00,60,'[\"M\", \"L\", \"XL\"]',3,'Casual, Outerwear','2025-10-13 01:14:19','2025-10-16 09:37:40','[\"#c22431\", \"#f1faee\"]'),('df20ad31-d431-50b1-8b08-37d13540b442','AORI-BTM-005','Kairo Chino','Minimal bottoms with quiet texture. Embraces wabi-sabi — subtle, lived-in comfort.','80b36018-898d-5d01-93c2-864b1bea13fb','Shizen','Nylon','All_Season','Machine wash cold','https://github.com/Fubuki233/WebAppDev-Ca/blob/main/aori/src/main/resources/static/product-images/82.%20AORI-BTM-005.png?raw=true',109.00,0,'[\"XS\", \"S\", \"M\", \"L\", \"XL\"]',4.7,'Shizen, Casual, Bottoms','2025-05-28 06:45:35','2025-10-16 09:37:40','[\"#f5f5f5\", \"#c0a080\"]'),('e2936ff8-9df6-4c75-b320-d404d73fdd7b','AORI-DRS-066','Dress 66','High quality dress with excellent craftsmanship and comfortable fit','b55b90c3-8ba7-550f-a1f4-818b7639c403','Spring 2025','Silk, viscose','Spring','Machine Wash - cold water only','https://github.com/Fubuki233/WebAppDev-Ca/blob/main/aori/src/main/resources/static/product-images/83.%20AORI-DRS-066.png?raw=true',169.00,60,'[\"XS\", \"S\", \"M\", \"L\", \"XL\", \"XXL\"]',3,'Casual, Tops, Dress','2025-10-13 01:14:25','2025-10-16 09:37:40','[\"#d57c7e\"]'),('e2a3920d-a780-4c99-bbb3-2a148197eef0','AORI-POL-053','Polo Shirt 53','High quality polo shirt with excellent craftsmanship and comfortable fit','ba19a845-7874-5aae-8a21-55a3dd7faf3a','Autumn 2025','Polyester','Autumn','Machine Wash - cold water only','https://github.com/Fubuki233/WebAppDev-Ca/blob/main/aori/src/main/resources/static/product-images/84.%20AORI-POL-053.png?raw=true',89.00,0,'[\"S\", \"M\", \"L\", \"XL\"]',4,'Casual, Tops','2025-10-13 01:14:23','2025-10-16 09:37:40','[\"#D62828\", \"#003049\"]'),('e30c8e38-4bee-4773-a900-55c6ec5fcdb4','AORI-SKT-025','Skirt 25','High quality skirt with excellent craftsmanship and comfortable fit','80b36018-898d-5d01-93c2-864b1bea13fb','Spring 2025','Denim','Spring','Hand Wash only','https://github.com/Fubuki233/WebAppDev-Ca/blob/main/aori/src/main/resources/static/product-images/85.%20AORI-SKT-025.png?raw=true',109.00,0,'[\"M\", \"L\", \"XL\", \"XXL\"]',1,'Casual, Bottoms, Skirt','2025-10-13 01:14:19','2025-10-16 09:37:40','[\"#1A535C\", \"#4ECDC4\"]'),('e59733bf-f2fb-4e34-abc3-4c45baabab7c','AORI-SHT-014','Shorts 14','High quality shorts with excellent craftsmanship and comfortable fit','872e8fc3-4913-5723-be65-9ba332a8bc0b','Spring 2025','Wool','Spring','Machine Wash - cold water only','https://github.com/Fubuki233/WebAppDev-Ca/blob/main/aori/src/main/resources/static/product-images/86.%20AORI-SHT-014.png?raw=true',99.00,0,'[\"S\", \"M\", \"L\", \"XL\"]',4,'Casual, Bottoms','2025-10-13 01:14:17','2025-10-16 09:37:40','[\"#2C3E50\", \"#ECF0F1\"]'),('e5c092d6-8ef2-4254-b8b6-18b988235afa','AORI-SWT-049','Sweater 49','High quality sweater with excellent craftsmanship and comfortable fit','b55b90c3-8ba7-550f-a1f4-818b7639c403','Autumn 2025','Polyester-Wool Blend','Autumn','Hand Wash only','https://github.com/Fubuki233/WebAppDev-Ca/blob/main/aori/src/main/resources/static/product-images/87.%20AORI-SWT-049.png?raw=true',119.00,0,'[\"S\", \"M\", \"L\", \"XL\"]',3.5,'Casual, Outerwear, Best Seller','2025-10-13 01:14:22','2025-10-16 09:37:40','[\"#144ba3\", \"#d9c1af\"]'),('e66f21b3-e48d-43cc-81a5-55f06b7246ae','AORI-JKT-015','Jacket 15','High quality jacket with excellent craftsmanship and comfortable fit','34bcca30-1c8f-5a9c-a0f5-03805c4d9f90','Spring 2025','Cashmere','Spring','Machine Wash - cold water only','https://github.com/Fubuki233/WebAppDev-Ca/blob/main/aori/src/main/resources/static/product-images/88.%20AORI-JKT-015.png?raw=true',199.00,0,'[\"S\", \"M\", \"L\"]',5,'Casual, Outerwear','2025-10-13 01:14:18','2025-10-16 09:37:40','[\"#E63946\", \"#F1FAEE\"]'),('e67afb15-5716-477b-a224-348990ec32b6','AORI-TSH-079','T-Shirt 79','High quality t-shirt with excellent craftsmanship and comfortable fit','ba19a845-7874-5aae-8a21-55a3dd7faf3a','Summer 2025','Leather','Summer','Machine Wash - cold water only','https://github.com/Fubuki233/WebAppDev-Ca/blob/main/aori/src/main/resources/static/product-images/89.%20AORI-TSH-079.png?raw=true',69.00,0,'[\"S\", \"M\", \"L\"]',2,'Casual, Tops','2025-10-13 01:14:27','2025-10-16 09:37:40','[\"#0A2540\", \"#6B705C\"]'),('e778aa3e-f7c6-44f4-a9af-a663095d3777','AORI-JNS-019','Jeans 19','High quality jeans with excellent craftsmanship and comfortable fit','872e8fc3-4913-5723-be65-9ba332a8bc0b','Autumn 2025','Cotton Blend','Autumn','Machine Wash - cold water only','https://github.com/Fubuki233/WebAppDev-Ca/blob/main/aori/src/main/resources/static/product-images/90.%20AORI-JNS-019.png?raw=true',129.00,0,'[\"M\", \"L\", \"XL\"]',4,'Casual, Bottoms','2025-10-13 01:14:18','2025-10-16 09:37:40','[\"#0A2540\", \"#6B705C\"]'),('eb43e1c2-1555-5338-998d-ad8384a97697','AORI-OUT-012','Kumo Parka','Minimal outerwear with quiet texture. Embraces wabi-sabi — subtle, lived-in comfort.','e9f387dd-5a32-5647-a4c6-8d9d3ae2982d','Shizen','Polyester','All_Season','Hand wash only','https://github.com/Fubuki233/WebAppDev-Ca/blob/main/aori/src/main/resources/static/product-images/91.%20AORI-OUT-012.png?raw=true',189.00,0,'[\"S\", \"M\", \"L\", \"XL\"]',4,'Shizen, Casual, Outerwear, Best Seller','2025-06-04 01:54:37','2025-10-16 09:37:40','[\"#0a2540\", \"#111111\"]'),('f179cba1-048c-4d6d-b4d2-e6a199d0da2a','AORI-JKT-089','Jacket 89','High quality jacket with excellent craftsmanship and comfortable fit','e9f387dd-5a32-5647-a4c6-8d9d3ae2982d','Spring 2025','Linen','Spring','Dry clean only','https://github.com/Fubuki233/WebAppDev-Ca/blob/main/aori/src/main/resources/static/product-images/92.%20AORI-JKT-089.png?raw=true',199.00,100136,'[\"XS\", \"S\", \"M\", \"L\", \"XL\"]',5,'Casual, Outerwear','2025-10-13 01:14:28','2025-10-16 09:37:40','[\"#ac9ee0\", \"#a29d9a\"]'),('f26289ac-cac4-4688-9ac4-1cdbbc6b374f','AORI-DRS-060','Dress 60','High quality dress with excellent craftsmanship and comfortable fit','b55b90c3-8ba7-550f-a1f4-818b7639c403','Summer 2025','Silk','Summer','Machine Wash - cold water only','https://github.com/Fubuki233/WebAppDev-Ca/blob/main/aori/src/main/resources/static/product-images/93.%20AORI-DRS-060.png?raw=true',159.00,130,'[\"S\", \"M\", \"L\", \"XL\"]',2,'Casual, Tops, Dress, Best Seller','2025-10-13 01:14:24','2025-10-16 09:37:40','[\"#3cbea8\"]'),('f630040b-e326-42da-a010-6100647a6355','AORI-JNS-067','Jeans 67','High quality jeans with excellent craftsmanship and comfortable fit','872e8fc3-4913-5723-be65-9ba332a8bc0b','Autumn 2025','Wool','Autumn','Machine Wash - cold water only','https://github.com/Fubuki233/WebAppDev-Ca/blob/main/aori/src/main/resources/static/product-images/94.%20AORI-JNS-067.png?raw=true',129.00,0,'[\"XS\", \"S\", \"M\", \"L\"]',1,'Casual, Bottoms','2025-10-13 01:14:25','2025-10-16 09:37:40','[\"#2C3E50\", \"#ECF0F1\"]'),('f7b97151-0be0-4093-baf5-0495551ffa78','AORI-TRS-051','Trousers 51','High quality trousers with excellent craftsmanship and comfortable fit','872e8fc3-4913-5723-be65-9ba332a8bc0b','Spring 2025','Wool','Spring','Machine Wash - cold water only','https://github.com/Fubuki233/WebAppDev-Ca/blob/main/aori/src/main/resources/static/product-images/95.%20AORI-TRS-051.png?raw=true',119.00,0,'[\"S\", \"M\", \"L\"]',1,'Casual, Bottoms','2025-10-13 01:14:23','2025-10-16 09:37:40','[\"#E63946\", \"#F1FAEE\"]'),('fa091b7e-6892-5a9b-a72a-891f1c108031','AORI-BTM-004','Tsubaki Trousers','Minimal bottoms with quiet texture. Embraces wabi-sabi — subtle, lived-in comfort.','80b36018-898d-5d01-93c2-864b1bea13fb','Premium Collection','Wool Blend','All_Season','Machine Wash - cold water only','https://github.com/Fubuki233/WebAppDev-Ca/blob/main/aori/src/main/resources/static/product-images/96.%20AORI-BTM-004.png?raw=true',109.00,0,'[\"XS\", \"S\", \"M\", \"L\", \"XL\"]',4.7,'Premium, Casual, Bottoms, Best Seller','2025-07-27 05:30:59','2025-10-16 09:37:40','[\"#9ba496\", \"#111111\"]'),('fce059c5-64f4-4304-a653-add661ada2a8','AORI-JKT-038','Jacket 38','High quality jacket with excellent craftsmanship and comfortable fit','34bcca30-1c8f-5a9c-a0f5-03805c4d9f90','Spring 2025','Leather','Spring','Dry clean only','https://github.com/Fubuki233/WebAppDev-Ca/blob/main/aori/src/main/resources/static/product-images/97.%20AORI-JKT-038.png?raw=true',199.00,0,'[\"M\", \"L\", \"XL\", \"XXL\"]',1,'Casual, Outerwear','2025-10-13 01:14:21','2025-10-16 09:37:40','[\"#2D3142\", \"#BFC0C0\"]'),('ff4b7ff8-c462-5414-8ca4-4724d3ba5e29','AORI-TOP-010','Asahi Tee','Minimal tops with quiet texture. Embraces wabi-sabi — subtle, lived-in comfort.','b55b90c3-8ba7-550f-a1f4-818b7639c403','Yugen','Wool Blend','All_Season','Machine Wash - cold water only','https://github.com/Fubuki233/WebAppDev-Ca/blob/main/aori/src/main/resources/static/product-images/98.%20AORI-TOP-010.png?raw=true',89.00,84,'[\"XS\", \"S\", \"M\", \"L\", \"XL\", \"XXL\"]',5,'Yugen, Casual, Tops, Best Seller','2025-07-28 03:08:44','2025-10-16 09:37:40','[\"#fed716\", \"#e4d4c3\"]');
/*!40000 ALTER TABLE `product` ENABLE KEYS */;

--
-- Table structure for table `product_review`
--

DROP TABLE IF EXISTS `product_review`;
/*!40101 SET @saved_cs_client     = @@character_set_client */;
/*!50503 SET character_set_client = utf8mb4 */;
CREATE TABLE `product_review` (
  `review_id` varchar(36) NOT NULL DEFAULT (uuid()),
  `product_id` varchar(36) NOT NULL,
  `user_id` varchar(36) NOT NULL,
  `rating` int NOT NULL,
  `title` varchar(150) DEFAULT NULL,
  `comment` text NOT NULL,
  `images` json DEFAULT NULL,
  `status` enum('Pending','Approved','Rejected','Flagged') NOT NULL,
  `created_at` timestamp NULL DEFAULT CURRENT_TIMESTAMP,
  `updated_at` timestamp NULL DEFAULT NULL ON UPDATE CURRENT_TIMESTAMP,
  `variant_id` varchar(36) DEFAULT NULL,
  PRIMARY KEY (`review_id`),
  KEY `idx_pr_product_status_created` (`product_id`,`status`,`created_at`),
  KEY `idx_pr_user` (`user_id`),
  KEY `FK2s71vu2bbru94xiavn4oqehse` (`variant_id`),
  CONSTRAINT `FK2s71vu2bbru94xiavn4oqehse` FOREIGN KEY (`variant_id`) REFERENCES `product_variant` (`variant_id`),
  CONSTRAINT `product_review_ibfk_1` FOREIGN KEY (`product_id`) REFERENCES `product` (`product_id`),
  CONSTRAINT `product_review_ibfk_2` FOREIGN KEY (`user_id`) REFERENCES `customer` (`customer_id`),
  CONSTRAINT `product_review_chk_1` CHECK ((`rating` between 1 and 5)),
  CONSTRAINT `product_review_chk_2` CHECK ((length(`comment`) between 12 and 500))
) ENGINE=InnoDB DEFAULT CHARSET=utf8mb4 COLLATE=utf8mb4_0900_ai_ci;
/*!40101 SET character_set_client = @saved_cs_client */;

--
-- Dumping data for table `product_review`
--

/*!40000 ALTER TABLE `product_review` DISABLE KEYS */;
INSERT INTO `product_review` VALUES ('0082e0ce-9b00-5ef4-803e-1efd8b234e7c','61452dd2-340b-56e2-92f6-b7b6ed344751','8d86dab7-9d80-5d83-8608-2546adaa918d',5,'Everyday piece','Subtle texture; looks better with time.','[]','Approved','2025-09-11 18:57:21','2025-09-21 08:10:12',NULL),('01a8a067-ac3e-5fa7-8f84-9e95a489febb','eb43e1c2-1555-5338-998d-ad8384a97697','07532ea4-8954-5e60-86da-c1b7844e0a7f',5,'Light, steady','Subtle texture; looks better with time.','[]','Approved','2025-09-13 19:58:39','2025-09-15 09:02:57',NULL),('17712877-fd87-5776-add0-8064ad20280b','2aca066b-294b-5368-a910-fc170771b289','452105f0-c18e-5344-bc91-699a39d74721',4,'Light, steady','Clean lines, no noise. It just works with everything.','[]','Approved','2025-10-08 10:13:08','2025-09-14 07:52:58',NULL),('1875208f-93a2-5902-9a34-6ebaa62bd9f3','eb43e1c2-1555-5338-998d-ad8384a97697','07532ea4-8954-5e60-86da-c1b7844e0a7f',5,'Everyday piece','Clean lines, no noise. It just works with everything.','[]','Approved','2025-09-28 04:09:19','2025-10-02 06:53:08',NULL),('40a09b80-13dc-414f-abc4-0e1652605a20','09a3cbec-48dd-44ce-bbfd-7bef450f02d2','93e46beb-959e-4f7f-8e72-c37f524cabfd',1,'WAS111111111111','WDAEF1111111',NULL,'Pending','2025-10-15 16:47:52','2025-10-15 16:47:52',NULL),('43155622-d759-4023-a1b9-59334cbf0197','0cde8328-83b9-561a-9a4d-9bbd82b92f3d','07532ea4-8954-5e60-86da-c1b7844e0a7f',5,'testing','testing round 2 - update!','[]','Pending','2025-10-14 11:29:11','2025-10-14 11:30:12',NULL),('465f06c7-d0e8-51ea-a5b9-2c2fd20664d4','6b6fdb91-a07e-52fb-a221-cefac9127b60','07532ea4-8954-5e60-86da-c1b7844e0a7f',5,'Calm cut','Clean lines, no noise. It just works with everything.','[]','Approved','2025-09-16 05:33:04','2025-09-16 23:18:07',NULL),('4c58728e-7bd9-57cc-9122-f132eff9e74a','cff84752-f60c-5a4b-acb1-f4c3a80b5320','2451de55-0ece-50ec-b7a7-9702c32ceda6',2,'Calm cut','Color is softer than photos, in a good way.','[]','Approved','2025-09-30 21:55:04','2025-10-02 02:38:41',NULL),('56ad445a-0560-51ef-8c32-69b2cbd294d4','484065ad-1318-51a7-a0a3-900f4416e750','2451de55-0ece-50ec-b7a7-9702c32ceda6',4,'Everyday piece','Clean lines, no noise. It just works with everything.','[]','Approved','2025-10-03 08:37:28','2025-10-05 21:00:52',NULL),('70bd88af-7696-5921-9efc-be78d1ad7af9','484065ad-1318-51a7-a0a3-900f4416e750','e6bb88a9-9ac7-5752-88ae-e7bef4ca9a8f',4,'Light, steady','Subtle texture; looks better with time.','[]','Approved','2025-10-01 20:27:16','2025-10-06 22:56:02',NULL),('7682fac4-0d51-46fe-a97b-2cbf3ca57747','055c7ea7-25b0-5909-a947-19c4746cb191','ba97ad88-238f-411d-b469-283b89fa776b',5,'111111111','111111111111111111111','[]','Pending','2025-10-15 12:23:38','2025-10-15 12:24:55',NULL),('87e20e12-b249-571d-9332-61407a2b89a4','2a58e989-7aa4-5bcb-851d-7aeb5e011c6b','1fbe213d-f416-56ea-8bc1-bfbdf319ae7c',5,'Everyday piece','Quiet detail, easy to move. Feels like morning air by the coast.','[]','Approved','2025-09-24 09:35:57','2025-09-12 19:43:58',NULL),('8c2e6d87-c82b-5f5c-bb14-5b50e45e4e90','2aca066b-294b-5368-a910-fc170771b289','8d86dab7-9d80-5d83-8608-2546adaa918d',5,'Calm cut','Weightless yet grounded. A calm essential for humid days.','[]','Approved','2025-09-14 16:12:57','2025-09-15 20:17:04',NULL),('8e68821e-f6c9-5077-b7e1-58faab2cdf59','a9326f97-d4c3-5730-b556-0031d4904544','1fbe213d-f416-56ea-8bc1-bfbdf319ae7c',2,'Calm cut','Color is softer than photos, in a good way.','[]','Approved','2025-09-19 22:41:57','2025-09-17 16:30:44',NULL),('96ba3c84-440d-5fbd-8714-1ff0e863ed1b','90cd7478-522a-5ac5-acc2-a87ab6e673d1','a1c76ffc-f2df-54f2-b192-e6cadb5e18ef',4,'Everyday piece','Weightless yet grounded. A calm essential for humid days.','[]','Approved','2025-09-30 17:51:58','2025-09-24 19:25:30',NULL),('9dc168d6-0be4-50c9-8ae1-7ee3af1e4379','2a58e989-7aa4-5bcb-851d-7aeb5e011c6b','a1c76ffc-f2df-54f2-b192-e6cadb5e18ef',4,'Light, steady','Subtle texture; looks better with time.','[]','Approved','2025-09-16 16:05:00','2025-09-28 09:54:44',NULL),('a4a6b9d6-e3f2-5198-8b39-f986938e2b40','d34065c4-3686-56b4-853e-74deda94623e','8d86dab7-9d80-5d83-8608-2546adaa918d',3,'Everyday piece','Fit runs slightly roomy, still comfortable for daily wear.','[]','Approved','2025-09-13 20:55:41','2025-09-27 14:33:58',NULL),('abcbfbd0-225d-503c-8afc-acc246004315','6b6fdb91-a07e-52fb-a221-cefac9127b60','452105f0-c18e-5344-bc91-699a39d74721',5,'Light, steady','Quiet detail, easy to move. Feels like morning air by the coast.','[]','Approved','2025-09-24 18:25:00','2025-10-09 19:59:57',NULL),('b664ed97-bad2-41b5-872c-82b42bace7e8','04b731a1-2f80-4e2b-abde-c44dbfa086da','ba97ad88-238f-411d-b469-283b89fa776b',5,'11','啊啊啊啊啊啊啊啊啊啊啊啊啊啊啊啊',NULL,'Pending','2025-10-15 23:36:19','2025-10-15 23:36:19',NULL),('bb380766-8ccc-5cd7-8778-2d5b9d9de7d9','a9326f97-d4c3-5730-b556-0031d4904544','a1c76ffc-f2df-54f2-b192-e6cadb5e18ef',4,'Everyday piece','Subtle texture; looks better with time.','[]','Approved','2025-09-30 16:37:17','2025-09-13 11:17:08',NULL),('c1f4dd45-e54f-4a71-a897-1a7c453db134','0cd5f885-0a9d-48d3-b1af-a363e43e5260','ba97ad88-238f-411d-b469-283b89fa776b',1,'111111111111111111','1111111111111111',NULL,'Pending','2025-10-14 16:13:26','2025-10-14 16:13:26',NULL),('c4ebbe37-26be-5848-9aff-4081319ccde5','2aca066b-294b-5368-a910-fc170771b289','e00bbec4-ebac-5de1-b7de-5e174bb7ba4b',5,'Calm cut','Quiet detail, easy to move. Feels like morning air by the coast.','[]','Approved','2025-09-13 21:56:20','2025-09-25 09:06:45',NULL),('cb78755e-8d2f-5521-aa2a-ca10efc945a9','ab7bde08-d788-50a2-b9dd-f4296bbab64d','452105f0-c18e-5344-bc91-699a39d74721',5,'Holds well','Subtle texture; looks better with time.','[]','Approved','2025-09-22 04:09:00','2025-09-27 14:03:11',NULL),('d05bbf47-40f4-5a01-85a8-89d1bd831506','2a58e989-7aa4-5bcb-851d-7aeb5e011c6b','e6bb88a9-9ac7-5752-88ae-e7bef4ca9a8f',5,'Calm cut','Weightless yet grounded. A calm essential for humid days.','[]','Approved','2025-09-14 19:04:22','2025-09-18 07:17:45',NULL),('da152d62-100f-5679-a397-53ede2326ab9','ae9be4b5-88c0-5833-bb1d-7edb1d5aeaed','07532ea4-8954-5e60-86da-c1b7844e0a7f',5,'Holds well','Soft hand, holds shape. Understated and thoughtful.','[]','Approved','2025-09-15 16:40:43','2025-10-02 14:48:21',NULL),('e088fcdf-037c-48d8-a8a9-deff4936d302','055c7ea7-25b0-5909-a947-19c4746cb191','30209cca-0e01-4ad3-8a89-198f3996c520',5,'11hahahahah','ahhahahahaah',NULL,'Pending','2025-10-16 14:57:52','2025-10-16 14:57:52',NULL),('e8075cc9-7441-55e0-9d79-31b72a88ea5a','6b6fdb91-a07e-52fb-a221-cefac9127b60','2451de55-0ece-50ec-b7a7-9702c32ceda6',4,'Calm cut','Clean lines, no noise. It just works with everything.','[]','Approved','2025-09-30 18:33:15','2025-10-01 14:39:47',NULL),('ef201baf-22ba-586f-9142-5d06a44e5190','582d9fb3-c25a-52f8-86b5-881df2045a16','a1c76ffc-f2df-54f2-b192-e6cadb5e18ef',2,'Light, steady','Fit runs slightly roomy, still comfortable for daily wear.','[]','Approved','2025-09-27 08:47:58','2025-09-18 13:54:47',NULL),('ef3d5476-9cce-57bc-a28a-6c187dcecc19','eb43e1c2-1555-5338-998d-ad8384a97697','d23352a4-7670-5720-b59f-29da484fdc70',4,'Calm cut','Quiet detail, easy to move. Feels like morning air by the coast.','[]','Approved','2025-09-27 23:10:21','2025-09-19 01:23:42',NULL),('ef6c9b21-7935-5fba-9bc9-4ded8785266f','484065ad-1318-51a7-a0a3-900f4416e750','a1c76ffc-f2df-54f2-b192-e6cadb5e18ef',4,'Everyday piece','Soft hand, holds shape. Understated and thoughtful.','[]','Approved','2025-09-17 19:33:42','2025-09-12 03:18:48',NULL),('f9fbbf43-4175-5ddd-9964-60d489b95340','ae9be4b5-88c0-5833-bb1d-7edb1d5aeaed','07532ea4-8954-5e60-86da-c1b7844e0a7f',4,'Calm cut','Weightless yet grounded. A calm essential for humid days.','[]','Approved','2025-09-25 11:18:34','2025-09-17 00:11:12',NULL);
/*!40000 ALTER TABLE `product_review` ENABLE KEYS */;

--
-- Table structure for table `product_variant`
--

DROP TABLE IF EXISTS `product_variant`;
/*!40101 SET @saved_cs_client     = @@character_set_client */;
/*!50503 SET character_set_client = utf8mb4 */;
CREATE TABLE `product_variant` (
  `variant_id` varchar(36) NOT NULL,
  `color` varchar(50) DEFAULT NULL,
  `dimensions` varchar(50) DEFAULT NULL,
  `discount_price` decimal(10,2) DEFAULT NULL,
  `price` decimal(10,2) NOT NULL,
  `product_id` varchar(36) NOT NULL,
  `size` varchar(50) NOT NULL,
  `sku` varchar(50) NOT NULL,
  `stock_quantity` int NOT NULL,
  `weight` decimal(6,2) DEFAULT NULL,
  PRIMARY KEY (`variant_id`),
  UNIQUE KEY `UKivtjmjnhkb977nvkx92oyujw8` (`sku`),
  KEY `FKgrbbs9t374m9gg43l6tq1xwdj` (`product_id`),
  CONSTRAINT `FKgrbbs9t374m9gg43l6tq1xwdj` FOREIGN KEY (`product_id`) REFERENCES `product` (`product_id`)
) ENGINE=InnoDB DEFAULT CHARSET=utf8mb4 COLLATE=utf8mb4_0900_ai_ci;
/*!40101 SET character_set_client = @saved_cs_client */;

--
-- Dumping data for table `product_variant`
--

/*!40000 ALTER TABLE `product_variant` DISABLE KEYS */;
/*!40000 ALTER TABLE `product_variant` ENABLE KEYS */;

--
-- Table structure for table `promotion_discount`
--

DROP TABLE IF EXISTS `promotion_discount`;
/*!40101 SET @saved_cs_client     = @@character_set_client */;
/*!50503 SET character_set_client = utf8mb4 */;
CREATE TABLE `promotion_discount` (
  `promotion_id` varchar(36) NOT NULL DEFAULT (uuid()),
  `promo_code` varchar(50) NOT NULL,
  `description` text,
  `discount_type` enum('Percentage','Fixed Amount','Free Shipping','Staff Discount') NOT NULL,
  `discount_value` decimal(10,2) NOT NULL,
  `start_date` date NOT NULL,
  `end_date` date DEFAULT NULL,
  PRIMARY KEY (`promotion_id`),
  UNIQUE KEY `promo_code` (`promo_code`),
  CONSTRAINT `promotion_discount_chk_1` CHECK ((`discount_value` >= 0))
) ENGINE=InnoDB DEFAULT CHARSET=utf8mb4 COLLATE=utf8mb4_0900_ai_ci;
/*!40101 SET character_set_client = @saved_cs_client */;

--
-- Dumping data for table `promotion_discount`
--

/*!40000 ALTER TABLE `promotion_discount` DISABLE KEYS */;
INSERT INTO `promotion_discount` VALUES ('1978773d-0f2c-5000-a543-2303e55e07a1','STAFF10','STAFF10 promo','Percentage',10.00,'2024-12-14',NULL),('1af46901-6e2b-5072-a2a2-cecfb1f60364','LOYAL5','LOYAL5 promo','Fixed Amount',5.00,'2025-04-13','2026-04-08'),('21612510-7cec-5049-ba4e-8a7505f5ea39','BUNDLE20','BUNDLE20 promo','Percentage',20.00,'2025-10-08','2026-01-08'),('460b8f0e-8237-56f5-befd-a6774ab6b62c','SORA15','SORA15 promo','Percentage',15.00,'2025-07-12','2025-10-09'),('5cc1d877-e040-55f3-b1fb-2a981c94bdc6','MINIYUGEN20','MINIYUGEN20 promo','Percentage',20.00,'2025-09-30','2025-10-30'),('641db4f6-2e42-50d2-b80a-3f28f8ebd7a4','WELCOME10OFF','WELCOME10OFF promo','Percentage',10.00,'2025-08-11','2026-10-10'),('a1d32793-e5c8-5f55-b731-f1135a4c08c1','FREESHIPSG','FREESHIPSG promo','Free Shipping',0.00,'2025-09-25','2025-12-09'),('ab22c118-4b0d-52d3-aadf-6f230223efa7','KINTSUGI25','KINTSUGI25 promo','Percentage',25.00,'2025-10-05','2025-10-20'),('caf520a3-c3f7-58c5-a21e-a9fda94894fd','WABI-SABI7','WABI-SABI7 promo','Fixed Amount',7.00,'2025-06-12','2025-09-30'),('e7d0b14b-df2c-52d3-9e7e-939679ab8602','SG60PROMO','SG60PROMO promo','Fixed Amount',60.00,'2025-08-31','2025-10-05');
/*!40000 ALTER TABLE `promotion_discount` ENABLE KEYS */;

--
-- Table structure for table `returns`
--

DROP TABLE IF EXISTS `returns`;
/*!40101 SET @saved_cs_client     = @@character_set_client */;
/*!50503 SET character_set_client = utf8mb4 */;
CREATE TABLE `returns` (
  `return_id` varchar(36) NOT NULL DEFAULT (uuid()),
  `return_code` varchar(30) NOT NULL,
  `order_item_id` varchar(36) NOT NULL,
  `reason` enum('Size issue','Defective','Changed mind','Other') NOT NULL,
  `return_status` enum('Requested','Approved','Denied','Refunded','Exchange') NOT NULL,
  `created_at` timestamp NULL DEFAULT CURRENT_TIMESTAMP,
  PRIMARY KEY (`return_id`),
  UNIQUE KEY `return_code` (`return_code`),
  KEY `order_item_id` (`order_item_id`),
  CONSTRAINT `returns_ibfk_1` FOREIGN KEY (`order_item_id`) REFERENCES `order_item` (`order_item_id`)
) ENGINE=InnoDB DEFAULT CHARSET=utf8mb4 COLLATE=utf8mb4_0900_ai_ci;
/*!40101 SET character_set_client = @saved_cs_client */;

--
-- Dumping data for table `returns`
--

/*!40000 ALTER TABLE `returns` DISABLE KEYS */;
INSERT INTO `returns` VALUES ('094571a8-a76c-53b9-accc-a0c54b7426d7','RMA-2025-047550','a20eb9ce-38f8-5455-9bd4-215d5d89d4ca','Size issue','Refunded','2025-10-05 07:56:57'),('5e17d2f9-d912-5800-954e-faa20e3d1032','RMA-2025-388529','9eae670c-5ce8-580d-9e9b-6917aaca61d0','Defective','Exchange','2025-10-03 00:06:29'),('62bb4cd5-91e6-5b5d-9e53-483566b92e46','RMA-2025-995498','b3af47da-2b13-5eb4-a570-8022c930ccfd','Other','Approved','2025-10-01 13:22:31'),('866964cf-450f-5308-a40e-258c2d781141','RMA-2025-246206','d527bcb0-8cfd-5e3c-a8d0-54f7e8a075ed','Defective','Exchange','2025-10-03 10:31:59'),('f67eefd4-7006-5505-b66c-dfc776c192dd','RMA-2025-874191','be5d23c8-51fd-539f-a911-22a1cb5d429d','Other','Exchange','2025-09-24 23:55:15');
/*!40000 ALTER TABLE `returns` ENABLE KEYS */;

--
-- Table structure for table `role`
--

DROP TABLE IF EXISTS `role`;
/*!40101 SET @saved_cs_client     = @@character_set_client */;
/*!50503 SET character_set_client = utf8mb4 */;
CREATE TABLE `role` (
  `role_id` varchar(36) NOT NULL,
  `description` text,
  `role_name` varchar(50) NOT NULL,
  PRIMARY KEY (`role_id`),
  UNIQUE KEY `UKiubw515ff0ugtm28p8g3myt0h` (`role_name`)
) ENGINE=InnoDB DEFAULT CHARSET=utf8mb4 COLLATE=utf8mb4_0900_ai_ci;
/*!40101 SET character_set_client = @saved_cs_client */;

--
-- Dumping data for table `role`
--

/*!40000 ALTER TABLE `role` DISABLE KEYS */;
INSERT INTO `role` VALUES ('role-admin-01','Has unrestricted access to all system functionalities, including user management and system settings.','System Administrator'),('role-cust-sup-05','Assists customers with inquiries, views order details, and provides support.','Customer Support Representative'),('role-ord-ful-03','Processes customer orders, updates order statuses, and manages shipping and returns.','Order Fulfillment Specialist'),('role-prod-mgr-02','Manages the product catalog, including creating, updating, and deleting products and categories.','Product Manager'),('role-promo-mgr-04','Creates and manages promotional campaigns, discount codes, and sales events.','Promotions Manager');
/*!40000 ALTER TABLE `role` ENABLE KEYS */;

--
-- Table structure for table `role_permission`
--

DROP TABLE IF EXISTS `role_permission`;
/*!40101 SET @saved_cs_client     = @@character_set_client */;
/*!50503 SET character_set_client = utf8mb4 */;
CREATE TABLE `role_permission` (
  `role_id` varchar(36) NOT NULL,
  `permission_id` varchar(36) NOT NULL,
  KEY `FKf8yllw1ecvwqy3ehyxawqa1qp` (`permission_id`),
  KEY `FKa6jx8n8xkesmjmv6jqug6bg68` (`role_id`),
  CONSTRAINT `FKa6jx8n8xkesmjmv6jqug6bg68` FOREIGN KEY (`role_id`) REFERENCES `role` (`role_id`),
  CONSTRAINT `FKf8yllw1ecvwqy3ehyxawqa1qp` FOREIGN KEY (`permission_id`) REFERENCES `permission` (`permission_id`)
) ENGINE=InnoDB DEFAULT CHARSET=utf8mb4 COLLATE=utf8mb4_0900_ai_ci;
/*!40101 SET character_set_client = @saved_cs_client */;

--
-- Dumping data for table `role_permission`
--

/*!40000 ALTER TABLE `role_permission` DISABLE KEYS */;
INSERT INTO `role_permission` VALUES ('role-admin-01','perm_prod_c_01'),('role-admin-01','perm_prod_r_02'),('role-admin-01','perm_prod_u_03'),('role-admin-01','perm_prod_d_04'),('role-admin-01','perm_ord_r_05'),('role-admin-01','perm_ord_u_06'),('role-admin-01','perm_promo_c_07'),('role-admin-01','perm_promo_r_08'),('role-admin-01','perm_promo_u_09'),('role-admin-01','perm_promo_d_10'),('role-admin-01','perm_emp_c_11'),('role-admin-01','perm_emp_r_12'),('role-admin-01','perm_emp_u_13'),('role-admin-01','perm_emp_d_14'),('role-prod-mgr-02','perm_prod_c_01'),('role-prod-mgr-02','perm_prod_r_02'),('role-prod-mgr-02','perm_prod_u_03'),('role-prod-mgr-02','perm_prod_d_04'),('role-ord-ful-03','perm_ord_r_05'),('role-ord-ful-03','perm_ord_u_06'),('role-promo-mgr-04','perm_promo_c_07'),('role-promo-mgr-04','perm_promo_r_08'),('role-promo-mgr-04','perm_promo_u_09'),('role-promo-mgr-04','perm_promo_d_10'),('role-cust-sup-05','perm_prod_r_02'),('role-cust-sup-05','perm_ord_r_05');
/*!40000 ALTER TABLE `role_permission` ENABLE KEYS */;

--
-- Table structure for table `shipment`
--

DROP TABLE IF EXISTS `shipment`;
/*!40101 SET @saved_cs_client     = @@character_set_client */;
/*!50503 SET character_set_client = utf8mb4 */;
CREATE TABLE `shipment` (
  `shipment_id` varchar(36) NOT NULL,
  `actual_delivery_date` date DEFAULT NULL,
  `carrier` varchar(100) NOT NULL,
  `created_at` datetime(6) DEFAULT NULL,
  `estimated_delivery_date` date DEFAULT NULL,
  `order_id` varchar(36) NOT NULL,
  `shipment_code` varchar(30) DEFAULT NULL,
  `shipment_status` enum('Delivered','Failed','In_Transit','Manifested','Out_for_Delivery') NOT NULL,
  `shipping_cost` decimal(6,2) NOT NULL,
  `tracking_number` varchar(255) NOT NULL,
  `updated_at` datetime(6) DEFAULT NULL,
  PRIMARY KEY (`shipment_id`),
  UNIQUE KEY `UK5v9gtvsqk217jnrxgl0ewj6s5` (`tracking_number`),
  UNIQUE KEY `UKtem61dqcn1u64hvr62han66n2` (`shipment_code`),
  KEY `FK8amw90d62x67honrwucvjado7` (`order_id`),
  CONSTRAINT `FK8amw90d62x67honrwucvjado7` FOREIGN KEY (`order_id`) REFERENCES `orders` (`order_id`)
) ENGINE=InnoDB DEFAULT CHARSET=utf8mb4 COLLATE=utf8mb4_0900_ai_ci;
/*!40101 SET character_set_client = @saved_cs_client */;

--
-- Dumping data for table `shipment`
--

/*!40000 ALTER TABLE `shipment` DISABLE KEYS */;
/*!40000 ALTER TABLE `shipment` ENABLE KEYS */;

--
-- Table structure for table `shopping_cart`
--

DROP TABLE IF EXISTS `shopping_cart`;
/*!40101 SET @saved_cs_client     = @@character_set_client */;
/*!50503 SET character_set_client = utf8mb4 */;
CREATE TABLE `shopping_cart` (
  `cart_id` varchar(36) NOT NULL DEFAULT (uuid()),
  `customer_id` varchar(36) NOT NULL,
  `product_id` varchar(36) NOT NULL,
  `quantity` int NOT NULL,
  `added_at` timestamp NULL DEFAULT CURRENT_TIMESTAMP,
  `sku` varchar(50) NOT NULL,
  PRIMARY KEY (`cart_id`),
  UNIQUE KEY `UKh6y2sgd7j35e4qe35f8j94tjm` (`customer_id`,`product_id`,`sku`),
  KEY `product_id` (`product_id`),
  CONSTRAINT `shopping_cart_ibfk_1` FOREIGN KEY (`customer_id`) REFERENCES `customer` (`customer_id`),
  CONSTRAINT `shopping_cart_ibfk_2` FOREIGN KEY (`product_id`) REFERENCES `product` (`product_id`),
  CONSTRAINT `shopping_cart_chk_1` CHECK ((`quantity` >= 1))
) ENGINE=InnoDB DEFAULT CHARSET=utf8mb4 COLLATE=utf8mb4_0900_ai_ci;
/*!40101 SET character_set_client = @saved_cs_client */;

--
-- Dumping data for table `shopping_cart`
--

/*!40000 ALTER TABLE `shopping_cart` DISABLE KEYS */;
INSERT INTO `shopping_cart` VALUES ('51f0f4f7-7579-4c80-ba2f-47a4c416ea9a','ba97ad88-238f-411d-b469-283b89fa776b','055c7ea7-25b0-5909-a947-19c4746cb191',2,'2025-10-16 11:42:28','AORI-TOP-008&6B705C&XL'),('8e1faf32-081a-4d9a-b01d-f3a8c6e164c7','93e46beb-959e-4f7f-8e72-c37f524cabfd','055c7ea7-25b0-5909-a947-19c4746cb191',5,'2025-10-15 16:54:08','AORI-TOP-008&6B705C&XS'),('cart-00-916964','b561a811-b665-50a1-9992-2a500b104766','ff4b7ff8-c462-5414-8ca4-4724d3ba5e29',3,'2025-10-08 02:26:24',''),('de848f75-d481-459d-a2d4-60fc2cc075bb','22b3e960-bc5f-4c33-a6df-a87f6bc73b82','055c7ea7-25b0-5909-a947-19c4746cb191',1,'2025-10-16 14:37:16','AORI-TOP-008&252524&S'),('dfbc7242-9daf-459e-aea6-c5cb17853423','bf45acae-a308-59fa-a0a5-52c762a188d4','055c7ea7-25b0-5909-a947-19c4746cb191',1,'2025-10-15 21:37:17','AORI-TOP-008&6B705C&L');
/*!40000 ALTER TABLE `shopping_cart` ENABLE KEYS */;

--
-- Table structure for table `sku`
--

DROP TABLE IF EXISTS `sku`;
/*!40101 SET @saved_cs_client     = @@character_set_client */;
/*!50503 SET character_set_client = utf8mb4 */;
CREATE TABLE `sku` (
  `sku` varchar(255) NOT NULL,
  `quantity` int NOT NULL
) ENGINE=InnoDB DEFAULT CHARSET=utf8mb4 COLLATE=utf8mb4_0900_ai_ci;
/*!40101 SET character_set_client = @saved_cs_client */;

--
-- Dumping data for table `sku`
--

/*!40000 ALTER TABLE `sku` DISABLE KEYS */;
INSERT INTO `sku` VALUES ('AORI-TRS-034&FF6B6B&S',0),('AORI-TRS-034&FF6B6B&M',98),('AORI-TRS-034&FF6B6B&L',0),('AORI-TRS-034&FF6B6B&XL',0),('AORI-TRS-034&4ECDC4&S',0),('AORI-TRS-034&4ECDC4&M',0),('AORI-TRS-034&4ECDC4&L',0),('AORI-TRS-034&4ECDC4&XL',0),('AORI-TOP-008&6B705C&XS',9),('AORI-TOP-008&6B705C&S',15),('AORI-TOP-008&6B705C&M',14),('AORI-TOP-008&6B705C&L',13),('AORI-TOP-008&6B705C&XL',11),('AORI-TOP-008&0A2540&XS',10),('AORI-TOP-008&0A2540&S',10),('AORI-TOP-008&0A2540&M',10),('AORI-TOP-008&0A2540&L',10),('AORI-TOP-008&0A2540&XL',10),('AORI-HOD-069&E63946&XS',8),('AORI-HOD-069&E63946&S',7),('AORI-HOD-069&E63946&M',5),('AORI-HOD-069&F1FAEE&XS',6),('AORI-HOD-069&F1FAEE&S',8),('AORI-HOD-069&F1FAEE&M',6),('AORI-JNS-021&D62828&M',0),('AORI-JNS-021&D62828&L',0),('AORI-JNS-021&D62828&XL',0),('AORI-JNS-021&003049&M',0),('AORI-JNS-021&003049&L',0),('AORI-JNS-021&003049&XL',0),('AORI-BTM-002&0A2540&28',11),('AORI-BTM-002&0A2540&30',9),('AORI-BTM-002&0A2540&32',10),('AORI-BTM-002&0A2540&34',8),('AORI-BTM-002&0A2540&36',12),('AORI-BTM-002&111111&28',10),('AORI-BTM-002&111111&30',9),('AORI-BTM-002&111111&32',8),('AORI-BTM-002&111111&34',10),('AORI-BTM-002&111111&36',10),('AORI-TSH-059&E63946&XS',8),('AORI-TSH-059&E63946&S',6),('AORI-TSH-059&E63946&M',5),('AORI-TSH-059&F1FAEE&XS',7),('AORI-TSH-059&F1FAEE&S',6),('AORI-TSH-059&F1FAEE&M',6),('AORI-OUT-011&111111&S',15),('AORI-OUT-011&111111&M',14),('AORI-OUT-011&111111&L',12),('AORI-OUT-011&111111&XL',13),('AORI-OUT-011&0A2540&S',0),('AORI-OUT-011&0A2540&M',0),('AORI-OUT-011&0A2540&L',0),('AORI-OUT-011&0A2540&XL',0),('AORI-HOD-075&D62828&S',6),('AORI-HOD-075&D62828&M',5),('AORI-HOD-075&D62828&L',3),('AORI-HOD-075&003049&S',0),('AORI-HOD-075&003049&M',0),('AORI-HOD-075&003049&L',0),('AORI-SHT-094&0A2540&M',11),('AORI-SHT-094&0A2540&L',9),('AORI-SHT-094&0A2540&XL',8),('AORI-SHT-094&6B705C&M',0),('AORI-SHT-094&6B705C&L',0),('AORI-SHT-094&6B705C&XL',0),('AORI-TRS-033&FF6B6B&XS',5),('AORI-TRS-033&FF6B6B&S',3),('AORI-TRS-033&FF6B6B&M',4),('AORI-TRS-033&FF6B6B&L',3),('AORI-TRS-033&4ECDC4&XS',6),('AORI-TRS-033&4ECDC4&S',5),('AORI-TRS-033&4ECDC4&M',5),('AORI-TRS-033&4ECDC4&L',6),('AORI-TOP-010&F5F5F5&XS',0),('AORI-TOP-010&F5F5F5&S',0),('AORI-TOP-010&F5F5F5&M',0),('AORI-TOP-010&F5F5F5&L',0),('AORI-TOP-010&F5F5F5&XL',0),('AORI-TOP-010&C0A080&XS',0),('AORI-TOP-010&C0A080&S',0),('AORI-TOP-010&C0A080&M',0),('AORI-TOP-010&C0A080&L',0),('AORI-TOP-010&C0A080&XL',0),('AORI-JKT-100&000000&XS',10),('AORI-JKT-100&000000&S',0),('AORI-JKT-100&000000&M',0),('AORI-JKT-100&000000&L',0),('AORI-JKT-100&000000&XL',0),('AORI-JKT-100&000000&XXL',0),('AORI-JKT-100&ffffff&XS',0),('AORI-JKT-100&ffffff&S',0),('AORI-JKT-100&ffffff&M',0),('AORI-JKT-100&ffffff&L',0),('AORI-JKT-100&ffffff&XL',0),('AORI-JKT-100&ffffff&XXL',0),('AORI-JKT-100&ff0000&XS',0),('AORI-JKT-100&ff0000&S',0),('AORI-JKT-100&ff0000&M',0),('AORI-JKT-100&ff0000&L',0),('AORI-JKT-100&ff0000&XL',0),('AORI-JKT-100&ff0000&XXL',0),('AORI-TOP-011&000000&XS',10),('AORI-TOP-011&000000&S',10),('AORI-TOP-011&000000&M',10),('AORI-TOP-011&000000&L',20),('AORI-TOP-011&000000&XL',10),('AORI-TOP-011&000000&XXL',10),('AORI-TOP-011&ff0000&XS',10),('AORI-TOP-011&ff0000&S',10),('AORI-TOP-011&ff0000&M',10),('AORI-TOP-011&ff0000&L',10),('AORI-TOP-011&ff0000&XL',10),('AORI-TOP-011&ff0000&XXL',10),('AORI-ACC-020&288a05&L',0),('AORI-JNS-050&8B4513&M',0),('AORI-LWG-018&0A2540&M',0),('AORI-BTM-001&c0a080&XS',0),('AORI-BTM-001&c0a080&S',0),('AORI-BTM-001&c0a080&M',0),('AORI-BTM-001&c0a080&L',0),('AORI-BTM-001&c0a080&XL',0),('AORI-BTM-001&c0a080&XXL',0),('AORI-BTM-001&f5f5f5&XS',0),('AORI-BTM-001&f5f5f5&S',0),('AORI-BTM-001&f5f5f5&M',0),('AORI-BTM-001&f5f5f5&L',0),('AORI-BTM-001&f5f5f5&XL',0),('AORI-BTM-001&f5f5f5&XXL',0),('AORI-LWG-018&0A2540&L',0),('AORI-JNS-037&0A2540&M',0),('AORI-JNS-037&0A2540&L',0),('AORI-TOP-007&6B705C&XS',0),('AORI-TOP-007&6B705C&S',0),('AORI-TOP-007&6B705C&M',0),('AORI-TOP-007&6B705C&L',0),('AORI-TOP-007&6B705C&XL',0),('AORI-TOP-007&F5F5F5&XS',0),('AORI-TOP-007&F5F5F5&S',0),('AORI-TOP-007&F5F5F5&M',0),('AORI-TOP-007&F5F5F5&L',0),('AORI-TOP-007&F5F5F5&XL',0),('AORI-BLZ-042&D62828&S',25),('AORI-BLZ-042&D62828&M',23),('AORI-BLZ-042&D62828&L',25),('AORI-BLZ-042&003049&S',10),('AORI-BLZ-042&003049&M',40),('AORI-BLZ-042&003049&L',50),('AORI-BLZ-023&E63946&M',0),('AORI-BLZ-023&E63946&L',0),('AORI-BLZ-023&E63946&XL',0),('AORI-BLZ-023&F1FAEE&M',0),('AORI-BLZ-023&F1FAEE&L',10),('AORI-BLZ-023&F1FAEE&XL',10),('AORI-BTM-002&0A2540&M',0),('AORI-DRS-066&6A994E&XS',0),('AORI-DRS-066&6A994E&S',0),('AORI-DRS-066&6A994E&M',0),('AORI-DRS-066&BC4749&XS',0),('AORI-DRS-066&BC4749&S',0),('AORI-DRS-066&BC4749&M',0),('AORI-BLZ-045&0A2540&M',0),('AORI-BLZ-045&0A2540&L',25),('AORI-BLZ-045&0A2540&XL',30),('AORI-BLZ-045&0A2540&XXL',25),('AORI-BLZ-045&6B705C&M',0),('AORI-BLZ-045&6B705C&L',10),('AORI-BLZ-045&6B705C&XL',10),('AORI-BLZ-045&6B705C&XXL',10),('AORI-OUT-013&F5F5F5&S',0),('AORI-OUT-013&F5F5F5&M',0),('AORI-SWT-099&0A2540&S',0),('AORI-SWT-099&0A2540&M',0),('AORI-SWT-026&0A2540&M',0),('AORI-TSH-039&000000&M',0),('AORI-JKT-032&6A994E&S',0),('AORI-TSH-065&E63946&S',0),('AORI-TSH-065&E63946&XS',0),('AORI-SHT-063&6A994E&XS',0),('AORI-BTM-002&0A2540&S',0),('AORI-JKT-006&D62828&XS',0),('AORI-TOP-010&f5f5f5&XXL',0),('AORI-TOP-010&c0a080&XXL',0),('AORI-BLZ-045&0a2540&XS',0),('AORI-BLZ-045&0a2540&S',0),('AORI-BLZ-045&6b705c&XS',0),('AORI-BLZ-045&6b705c&S',0),('AORI-ACC-021&F5F5F5&One',0),('AORI-ACC-021&111111&One',0),('AORI-TOP-009&6B705C&XS',0),('AORI-TOP-009&6B705C&S',0),('AORI-TOP-009&6B705C&M',0),('AORI-TOP-009&6B705C&L',0),('AORI-TOP-009&6B705C&XL',0),('AORI-TOP-009&111111&XL',0),('AORI-BTM-002&0A2540&XS',0),('AORI-BTM-002&0A2540&L',0),('AORI-BTM-002&0A2540&XL',0),('AORI-BTM-002&111111&XL',0),('AORI-BTM-002&111111&XS',0),('AORI-BTM-002&111111&S',0),('AORI-BTM-002&111111&M',0),('AORI-BTM-002&111111&L',0),('AORI-ACC-021&F5F5F5&L',0),('AORI-ACC-021&111111&L',0),('AORI-ACC-021&f5f5f5&XS',0),('AORI-ACC-021&f5f5f5&S',0),('AORI-ACC-021&f5f5f5&M',0),('AORI-ACC-021&f5f5f5&XL',0),('AORI-ACC-021&f5f5f5&XXL',0),('AORI-ACC-021&111111&XS',0),('AORI-ACC-021&111111&S',0),('AORI-ACC-021&111111&M',0),('AORI-ACC-021&111111&XL',0),('AORI-ACC-021&111111&XXL',0),('AORI-LWG-018&0A2540&S',0),('AORI-LWG-018&0A2540&XL',0),('AORI-JKT-015&E63946&M',0),('AORI-HOD-076&0A2540&S',0),('AORI-HOD-076&0A2540&M',0),('AORI-HOD-076&0A2540&L',0),('AORI-HOD-076&6B705C&S',0),('AORI-HOD-076&6B705C&M',0),('AORI-HOD-076&6B705C&L',0),('AORI-HOD-076&0a2540&XS',0),('AORI-HOD-076&0a2540&XL',0),('AORI-HOD-076&0a2540&XXL',0),('AORI-HOD-076&6b705c&XS',0),('AORI-HOD-076&6b705c&XL',0),('AORI-HOD-076&6b705c&XXL',0),('AORI-BLZ-023&e63946&XS',0),('AORI-BLZ-023&e63946&S',0),('AORI-BLZ-023&e63946&XXL',0),('AORI-BLZ-023&f1faee&XS',0),('AORI-BLZ-023&f1faee&S',0),('AORI-BLZ-023&f1faee&XXL',10),('AORI-OUT-012&0A2540&S',0),('AORI-OUT-012&0A2540&M',0),('AORI-OUT-012&0A2540&L',0),('AORI-OUT-012&0A2540&XL',0),('AORI-OUT-012&111111&S',0),('AORI-OUT-012&111111&M',0),('AORI-OUT-012&111111&L',0),('AORI-OUT-012&111111&XL',0),('AORI-OUT-012&0a2540&XS',0),('AORI-OUT-012&0a2540&XXL',0),('AORI-OUT-012&111111&XS',0),('AORI-OUT-012&111111&XXL',0),('AORI-TRS-034&ff6b6b&XS',0),('AORI-TRS-034&ff6b6b&XXL',0),('AORI-TRS-034&4ecdc4&XS',0),('AORI-TRS-034&4ecdc4&XXL',0),('AORI-TRS-034&7a7a7a&XS',0),('AORI-TRS-034&7a7a7a&S',0),('AORI-TRS-034&7a7a7a&M',0),('AORI-TRS-034&7a7a7a&L',0),('AORI-TRS-034&7a7a7a&XL',0),('AORI-TRS-034&7a7a7a&XXL',0),('AORI-JNS-021&d62828&XS',0),('AORI-JNS-021&d62828&S',0),('AORI-JNS-021&d62828&XXL',0),('AORI-JNS-021&003049&XS',0),('AORI-JNS-021&003049&S',0),('AORI-JNS-021&003049&XXL',0),('AORI-BTM-005&F5F5F5&XS',0),('AORI-BTM-005&F5F5F5&S',0),('AORI-BTM-005&F5F5F5&M',0),('AORI-BTM-005&F5F5F5&L',0),('AORI-BTM-005&F5F5F5&XL',0),('AORI-BTM-005&C0A080&XS',0),('AORI-BTM-005&C0A080&S',0),('AORI-BTM-005&C0A080&M',0),('AORI-BTM-005&C0A080&L',0),('AORI-BTM-005&C0A080&XL',0),('AORI-BTM-005&f5f5f5&XXL',0),('AORI-BTM-005&c0a080&XXL',0),('AORI-SHT-094&d29d00&XS',0),('AORI-SHT-094&d29d00&S',0),('AORI-SHT-094&d29d00&M',0),('AORI-SHT-094&d29d00&L',0),('AORI-SHT-094&d29d00&XL',0),('AORI-SHT-094&d29d00&XXL',0),('AORI-SHT-094&6b705c&XS',0),('AORI-SHT-094&6b705c&S',0),('AORI-SHT-094&6b705c&XXL',0),('AORI-BTM-002&e6d198&XS',0),('AORI-BTM-002&e6d198&S',0),('AORI-BTM-002&e6d198&M',0),('AORI-BTM-002&e6d198&L',0),('AORI-BTM-002&e6d198&XL',0),('AORI-BTM-002&e6d198&XXL',0),('AORI-BTM-002&dedede&XS',0),('AORI-BTM-002&dedede&S',0),('AORI-BTM-002&dedede&M',0),('AORI-BTM-002&dedede&L',0),('AORI-BTM-002&dedede&XL',0),('AORI-BTM-002&dedede&XXL',0),('AORI-JNS-050&8B4513&L',0),('AORI-JNS-050&8B4513&XL',0),('AORI-JNS-050&8B4513&XXL',0),('AORI-JNS-050&D2691E&M',0),('AORI-JNS-050&D2691E&L',0),('AORI-JNS-050&D2691E&XL',0),('AORI-JNS-050&D2691E&XXL',0),('AORI-JNS-050&15749b&XS',0),('AORI-JNS-050&15749b&S',0),('AORI-JNS-050&15749b&M',0),('AORI-JNS-050&15749b&L',0),('AORI-JNS-050&15749b&XL',0),('AORI-JNS-050&15749b&XXL',0),('AORI-JNS-050&d2691e&XS',0),('AORI-JNS-050&d2691e&S',0),('AORI-TRS-033&787878&XS',0),('AORI-TRS-033&787878&S',0),('AORI-TRS-033&787878&M',0),('AORI-TRS-033&787878&L',0),('AORI-TRS-033&787878&XL',0),('AORI-TRS-033&787878&XXL',0),('AORI-TRS-033&522500&XS',0),('AORI-TRS-033&522500&S',0),('AORI-TRS-033&522500&M',0),('AORI-TRS-033&522500&L',0),('AORI-TRS-033&522500&XL',0),('AORI-TRS-033&522500&XXL',0),('AORI-TRS-096&6A994E&XS',0),('AORI-TRS-096&6A994E&S',0),('AORI-TRS-096&6A994E&M',0),('AORI-JNS-036&8B4513&XS',0),('AORI-TRS-096&6A994E&L',0),('AORI-JNS-036&8B4513&S',0),('AORI-TRS-096&BC4749&XS',0),('AORI-JNS-036&8B4513&M',0),('AORI-TRS-096&BC4749&S',0),('AORI-JNS-036&8B4513&L',0),('AORI-TRS-096&BC4749&M',0),('AORI-JNS-036&D2691E&XS',0),('AORI-TRS-096&BC4749&L',0),('AORI-JNS-036&D2691E&S',0),('AORI-JNS-036&D2691E&M',0),('AORI-JNS-036&D2691E&L',0),('AORI-JNS-036&003947&XS',0),('AORI-JNS-036&003947&S',0),('AORI-TRS-096&131212&XS',0),('AORI-JNS-036&003947&M',0),('AORI-TRS-096&131212&S',0),('AORI-JNS-036&003947&L',0),('AORI-TRS-096&131212&M',0),('AORI-JNS-036&003947&XL',0),('AORI-JNS-036&003947&XXL',0),('AORI-TRS-096&131212&L',0),('AORI-JNS-036&000000&XS',0),('AORI-TRS-096&131212&XL',0),('AORI-JNS-036&000000&S',0),('AORI-TRS-096&131212&XXL',0),('AORI-JNS-036&000000&M',0),('AORI-JNS-036&000000&L',0),('AORI-JNS-036&000000&XL',0),('AORI-JNS-036&000000&XXL',0),('AORI-TRS-096&bc4749&XL',0),('AORI-TRS-096&bc4749&XXL',0),('AORI-SHT-085&FF6B6B&S',0),('AORI-SHT-085&FF6B6B&M',0),('AORI-SHT-085&FF6B6B&L',0),('AORI-SHT-085&4ECDC4&S',0),('AORI-SHT-085&4ECDC4&M',0),('AORI-SHT-085&4ECDC4&L',0),('AORI-SHT-093&FF6B6B&M',0),('AORI-SHT-093&FF6B6B&L',0),('AORI-SHT-093&FF6B6B&XL',0),('AORI-SHT-093&4ECDC4&M',0),('AORI-SHT-093&4ECDC4&L',0),('AORI-SHT-093&4ECDC4&XL',0),('AORI-SHT-085&928f92&XS',0),('AORI-SHT-085&928f92&S',0),('AORI-SHT-085&928f92&M',0),('AORI-SHT-085&928f92&L',0),('AORI-SHT-085&928f92&XL',0),('AORI-SHT-085&928f92&XXL',0),('AORI-SHT-085&4ecdc4&XS',0),('AORI-SHT-085&4ecdc4&XL',0),('AORI-SHT-085&4ecdc4&XXL',0),('AORI-SHT-093&545454&XS',0),('AORI-SHT-093&545454&S',0),('AORI-SHT-093&545454&M',0),('AORI-SHT-093&545454&L',0),('AORI-JNS-092&2C3E50&S',0),('AORI-SHT-093&545454&XL',0),('AORI-JNS-092&2C3E50&M',0),('AORI-SHT-093&545454&XXL',0),('AORI-JNS-092&2C3E50&L',0),('AORI-SHT-093&536e6d&XS',0),('AORI-JNS-092&ECF0F1&S',0),('AORI-SHT-093&536e6d&S',0),('AORI-JNS-092&ECF0F1&M',0),('AORI-SHT-093&536e6d&M',0),('AORI-JNS-092&ECF0F1&L',0),('AORI-SHT-093&536e6d&L',0),('AORI-SHT-093&536e6d&XL',0),('AORI-SHT-093&536e6d&XXL',0),('AORI-JNS-092&708da4&XS',0),('AORI-JNS-092&708da4&S',0),('AORI-JNS-092&708da4&M',0),('AORI-JNS-092&708da4&L',0),('AORI-JNS-092&708da4&XL',0),('AORI-JNS-092&708da4&XXL',0),('AORI-JNS-092&ecf0f1&XS',0),('AORI-JNS-092&ecf0f1&XL',0),('AORI-JNS-092&ecf0f1&XXL',0),('AORI-SHT-081&FF6B6B&XS',0),('AORI-SHT-081&FF6B6B&S',0),('AORI-SHT-081&FF6B6B&M',0),('AORI-SHT-081&FF6B6B&L',0),('AORI-SHT-081&4ECDC4&XS',0),('AORI-SHT-081&4ECDC4&S',0),('AORI-SHT-081&4ECDC4&M',0),('AORI-SHT-081&4ECDC4&L',0),('AORI-BTM-004&0A2540&XS',0),('AORI-BTM-004&0A2540&S',0),('AORI-BTM-004&0A2540&M',0),('AORI-BTM-004&0A2540&L',0),('AORI-BTM-004&0A2540&XL',0),('AORI-BTM-004&111111&XS',0),('AORI-BTM-004&111111&S',0),('AORI-BTM-004&111111&M',0),('AORI-BTM-004&111111&L',0),('AORI-BTM-004&111111&XL',0),('AORI-BTM-004&9ba496&XS',0),('AORI-BTM-004&9ba496&S',0),('AORI-BTM-004&9ba496&M',0),('AORI-BTM-004&9ba496&L',0),('AORI-BTM-004&9ba496&XL',0),('AORI-BTM-004&9ba496&XXL',0),('AORI-BTM-004&111111&XXL',0),('AORI-SHT-081&be7474&XS',0),('AORI-SHT-081&be7474&S',0),('AORI-SHT-081&be7474&M',0),('AORI-SHT-081&be7474&L',0),('AORI-SHT-081&be7474&XL',0),('AORI-SHT-081&be7474&XXL',0),('AORI-SHT-081&4ecdc4&XL',0),('AORI-SHT-081&4ecdc4&XXL',0),('AORI-LWG-019&6B705C&S',0),('AORI-LWG-019&6B705C&M',0),('AORI-LWG-019&6B705C&L',0),('AORI-LWG-019&6B705C&XL',0),('AORI-LWG-019&C0A080&S',10),('AORI-LWG-019&C0A080&M',0),('AORI-LWG-019&C0A080&L',20),('AORI-LWG-019&C0A080&XL',2),('AORI-TSH-059&f2f2f2&XS',0),('AORI-TSH-059&f2f2f2&S',0),('AORI-TSH-059&f2f2f2&M',0),('AORI-TSH-059&f2f2f2&L',0),('AORI-TSH-059&f2f2f2&XL',0),('AORI-LWG-019&878980&XS',0),('AORI-TSH-059&f2f2f2&XXL',0),('AORI-LWG-019&878980&S',0),('AORI-TSH-059&ff6251&XS',0),('AORI-LWG-019&878980&M',0),('AORI-LWG-019&878980&L',0),('AORI-TSH-059&ff6251&S',0),('AORI-LWG-019&878980&XL',0),('AORI-TSH-059&ff6251&M',0),('AORI-LWG-019&878980&XXL',0),('AORI-TSH-059&ff6251&L',0),('AORI-LWG-019&c0a080&XS',10),('AORI-TSH-059&ff6251&XL',0),('AORI-TSH-059&ff6251&XXL',0),('AORI-LWG-019&c0a080&XXL',0),('AORI-POL-048&1A535C&M',0),('AORI-POL-048&1A535C&L',0),('AORI-POL-048&1A535C&XL',0),('AORI-POL-048&1A535C&XXL',0),('AORI-POL-048&4ECDC4&M',0),('AORI-POL-048&4ECDC4&L',0),('AORI-POL-048&4ECDC4&XL',0),('AORI-TSH-017&1A535C&M',0),('AORI-POL-048&4ECDC4&XXL',0),('AORI-TSH-017&1A535C&L',0),('AORI-TSH-017&1A535C&XL',0),('AORI-TSH-017&4ECDC4&M',0),('AORI-TSH-017&4ECDC4&L',0),('AORI-TSH-017&4ECDC4&XL',0),('AORI-TSH-017&036ac7&XS',0),('AORI-TSH-017&036ac7&S',0),('AORI-TSH-017&036ac7&M',0),('AORI-TSH-017&036ac7&L',0),('AORI-TSH-017&036ac7&XL',0),('AORI-TSH-017&036ac7&XXL',0),('AORI-TSH-017&4ecdc4&XS',0),('AORI-TSH-017&4ecdc4&S',0),('AORI-TSH-017&4ecdc4&XXL',0),('AORI-DRS-046&6A994E&M',0),('AORI-DRS-046&6A994E&L',0),('AORI-DRS-046&6A994E&XL',0),('AORI-DRS-046&6A994E&XXL',0),('AORI-DRS-046&BC4749&M',0),('AORI-DRS-046&BC4749&L',0),('AORI-DRS-046&BC4749&XL',0),('AORI-DRS-046&BC4749&XXL',0),('AORI-POL-048&adadad&XS',0),('AORI-POL-048&adadad&S',0),('AORI-POL-048&adadad&M',0),('AORI-POL-048&adadad&L',0),('AORI-POL-048&adadad&XL',0),('AORI-POL-048&adadad&XXL',0),('AORI-POL-048&454545&XS',0),('AORI-POL-048&454545&S',0),('AORI-POL-048&454545&M',0),('AORI-POL-048&454545&L',0),('AORI-POL-048&454545&XL',0),('AORI-POL-048&454545&XXL',0),('AORI-DRS-046&f5f4f6&XS',10),('AORI-DRS-046&f5f4f6&S',10),('AORI-DRS-046&f5f4f6&M',10),('AORI-DRS-046&f5f4f6&L',10),('AORI-DRS-046&f5f4f6&XL',10),('AORI-DRS-046&f5f4f6&XXL',10),('AORI-DRS-046&7a7a7a&XS',0),('AORI-DRS-046&7a7a7a&S',34),('AORI-DRS-046&7a7a7a&M',10),('AORI-DRS-046&7a7a7a&L',28),('AORI-DRS-046&7a7a7a&XL',10),('AORI-DRS-046&7a7a7a&XXL',0),('AORI-POL-031&6A994E&M',0),('AORI-POL-031&6A994E&L',0),('AORI-POL-031&6A994E&XL',0),('AORI-POL-031&6A994E&XXL',0),('AORI-POL-031&BC4749&M',0),('AORI-POL-031&BC4749&L',0),('AORI-POL-031&BC4749&XL',0),('AORI-POL-031&BC4749&XXL',0),('AORI-POL-031&5ca6f5&XS',0),('AORI-POL-031&5ca6f5&S',0),('AORI-POL-031&5ca6f5&M',0),('AORI-POL-031&5ca6f5&L',0),('AORI-POL-031&5ca6f5&XL',0),('AORI-POL-031&5ca6f5&XXL',0),('AORI-POL-031&878787&XS',0),('AORI-POL-031&878787&S',0),('AORI-POL-031&878787&M',0),('AORI-POL-031&878787&L',0),('AORI-TSH-044&6A994E&S',0),('AORI-POL-031&878787&XL',0),('AORI-TSH-044&6A994E&M',0),('AORI-POL-031&878787&XXL',0),('AORI-TSH-044&6A994E&L',0),('AORI-TSH-044&BC4749&S',0),('AORI-TSH-044&BC4749&M',0),('AORI-TSH-044&BC4749&L',0),('AORI-SWT-018&FF6B6B&XS',0),('AORI-SWT-018&FF6B6B&S',0),('AORI-SWT-018&FF6B6B&M',0),('AORI-SWT-018&4ECDC4&XS',0),('AORI-SWT-018&4ECDC4&S',0),('AORI-SWT-018&4ECDC4&M',0),('AORI-TSH-044&b69eb0&XS',0),('AORI-TSH-044&b69eb0&S',0),('AORI-TSH-044&b69eb0&M',0),('AORI-TSH-044&b69eb0&L',0),('AORI-TSH-044&b69eb0&XL',0),('AORI-TSH-044&b69eb0&XXL',0),('AORI-TSH-044&bc4749&XS',0),('AORI-TSH-044&bc4749&XL',0),('AORI-TSH-044&bc4749&XXL',0),('AORI-TSH-044&000000&XS',0),('AORI-TSH-044&000000&S',0),('AORI-TSH-044&000000&M',0),('AORI-TSH-044&000000&L',0),('AORI-TSH-044&000000&XL',0),('AORI-TSH-044&000000&XXL',0),('AORI-POL-073&6A994E&M',0),('AORI-POL-073&6A994E&L',0),('AORI-POL-073&6A994E&XL',0),('AORI-POL-073&BC4749&M',0),('AORI-POL-073&BC4749&L',0),('AORI-POL-073&BC4749&XL',0),('AORI-SWT-018&d09676&XS',10),('AORI-SWT-018&d09676&S',10),('AORI-SWT-018&d09676&M',10),('AORI-SWT-018&d09676&L',10),('AORI-SWT-018&d09676&XL',10),('AORI-SWT-018&d09676&XXL',10),('AORI-SWT-018&828787&XS',0),('AORI-SWT-018&828787&S',0),('AORI-SWT-018&828787&M',0),('AORI-SWT-018&828787&L',0),('AORI-SWT-018&828787&XL',0),('AORI-SWT-018&828787&XXL',0),('AORI-POL-073&757984&XS',0),('AORI-POL-073&757984&S',0),('AORI-POL-073&757984&M',0),('AORI-POL-073&757984&L',0),('AORI-POL-073&757984&XL',0),('AORI-POL-073&757984&XXL',0),('AORI-POL-073&bc4749&XS',0),('AORI-POL-073&bc4749&S',0),('AORI-POL-073&bc4749&XXL',0),('AORI-TSH-047&D62828&M',0),('AORI-TSH-047&D62828&L',0),('AORI-TSH-047&D62828&XL',0),('AORI-TSH-047&D62828&XXL',0),('AORI-TSH-047&003049&M',0),('AORI-TSH-047&003049&L',0),('AORI-TSH-047&003049&XL',0),('AORI-TSH-047&003049&XXL',0),('AORI-TSH-047&727056&XS',0),('AORI-TSH-047&727056&S',0),('AORI-TSH-047&727056&M',0),('AORI-TSH-047&727056&L',0),('AORI-TSH-047&727056&XL',0),('AORI-TSH-047&727056&XXL',0),('AORI-TSH-047&003049&XS',0),('AORI-TSH-047&003049&S',0),('AORI-TSH-001&2C3E50&M',0),('AORI-TSH-001&2C3E50&L',0),('AORI-TSH-001&2C3E50&XL',0),('AORI-TSH-001&2C3E50&XXL',0),('AORI-TSH-001&ECF0F1&M',0),('AORI-TSH-001&ECF0F1&L',0),('AORI-TSH-001&ECF0F1&XL',0),('AORI-TSH-001&ECF0F1&XXL',0),('AORI-TSH-001&e7d4cd&XS',0),('AORI-TSH-001&e7d4cd&S',0),('AORI-TSH-001&e7d4cd&M',0),('AORI-TSH-001&e7d4cd&L',0),('AORI-TSH-001&e7d4cd&XL',0),('AORI-TSH-001&e7d4cd&XXL',0),('AORI-TSH-001&ecf0f1&XS',0),('AORI-TSH-001&ecf0f1&S',0),('AORI-TOP-010&fed716&XS',8),('AORI-TOP-010&fed716&S',0),('AORI-TOP-010&fed716&M',0),('AORI-TOP-010&fed716&L',0),('AORI-TOP-010&fed716&XL',9),('AORI-TOP-010&fed716&XXL',7),('AORI-TOP-010&e4d4c3&XS',10),('AORI-TOP-010&e4d4c3&S',5),('AORI-TOP-010&e4d4c3&M',0),('AORI-TOP-010&e4d4c3&L',13),('AORI-TOP-010&e4d4c3&XL',10),('AORI-TOP-010&e4d4c3&XXL',22),('AORI-POL-028&8B4513&S',0),('AORI-POL-028&8B4513&M',0),('AORI-POL-028&8B4513&L',0),('AORI-POL-028&D2691E&S',10),('AORI-POL-028&D2691E&M',25),('AORI-POL-028&D2691E&L',0),('AORI-DRS-060&2D3142&S',0),('AORI-DRS-060&2D3142&M',0),('AORI-DRS-060&2D3142&L',0),('AORI-DRS-060&2D3142&XL',0),('AORI-DRS-060&BFC0C0&S',0),('AORI-DRS-060&BFC0C0&M',0),('AORI-DRS-060&BFC0C0&L',0),('AORI-DRS-060&BFC0C0&XL',0),('AORI-POL-028&99b8db&XS',10),('AORI-POL-028&99b8db&S',10),('AORI-POL-028&99b8db&M',10),('AORI-POL-028&99b8db&L',20),('AORI-POL-028&99b8db&XL',0),('AORI-POL-028&99b8db&XXL',0),('AORI-POL-028&d2691e&XS',10),('AORI-POL-028&d2691e&XL',0),('AORI-POL-028&d2691e&XXL',0),('AORI-TSH-035&FF6B6B&M',0),('AORI-TSH-035&FF6B6B&L',0),('AORI-TSH-035&FF6B6B&XL',0),('AORI-TSH-035&FF6B6B&XXL',0),('AORI-TSH-035&4ECDC4&M',0),('AORI-TSH-035&4ECDC4&L',0),('AORI-TSH-035&4ECDC4&XL',0),('AORI-TSH-035&4ECDC4&XXL',0),('AORI-DRS-060&3cbea8&XS',0),('AORI-DRS-060&3cbea8&S',30),('AORI-DRS-060&3cbea8&M',40),('AORI-DRS-060&3cbea8&L',50),('AORI-DRS-060&3cbea8&XL',10),('AORI-DRS-060&3cbea8&XXL',0),('AORI-DRS-061&2C3E50&XS',0),('AORI-DRS-061&2C3E50&S',0),('AORI-DRS-061&2C3E50&M',0),('AORI-DRS-061&ECF0F1&XS',0),('AORI-DRS-061&ECF0F1&S',0),('AORI-DRS-061&ECF0F1&M',0),('AORI-TSH-035&8d896e&XS',0),('AORI-TSH-035&8d896e&S',0),('AORI-TSH-035&8d896e&M',0),('AORI-TSH-035&8d896e&L',0),('AORI-TSH-035&8d896e&XL',0),('AORI-TSH-035&8d896e&XXL',0),('AORI-TSH-035&4ecdc4&XS',0),('AORI-TSH-035&4ecdc4&S',0),('AORI-DRS-061&9e0000&XS',0),('AORI-DRS-061&9e0000&S',0),('AORI-DRS-061&9e0000&M',0),('AORI-DRS-061&9e0000&L',0),('AORI-DRS-061&9e0000&XL',0),('AORI-DRS-061&9e0000&XXL',0),('AORI-DRS-061&ecf0f1&L',0),('AORI-DRS-061&ecf0f1&XL',0),('AORI-DRS-061&ecf0f1&XXL',0),('AORI-DRS-004&2D3142&XS',0),('AORI-DRS-004&2D3142&S',0),('AORI-DRS-004&2D3142&M',0),('AORI-DRS-004&2D3142&L',0),('AORI-DRS-004&BFC0C0&XS',0),('AORI-DRS-004&BFC0C0&S',0),('AORI-DRS-004&BFC0C0&M',0),('AORI-DRS-004&BFC0C0&L',0),('AORI-DRS-004&1e3cc2&XS',0),('AORI-DRS-004&1e3cc2&S',0),('AORI-DRS-004&1e3cc2&M',0),('AORI-DRS-004&1e3cc2&L',0),('AORI-DRS-004&1e3cc2&XL',0),('AORI-DRS-004&1e3cc2&XXL',0),('AORI-DRS-004&bfc0c0&XL',0),('AORI-DRS-004&bfc0c0&XXL',0),('AORI-SWT-099&0A2540&XS',0),('AORI-SWT-099&0A2540&L',0),('AORI-SWT-099&6B705C&XS',0),('AORI-SWT-099&6B705C&S',0),('AORI-SWT-099&6B705C&M',0),('AORI-SWT-099&6B705C&L',0),('AORI-SWT-099&f0d268&XS',10),('AORI-SWT-099&f0d268&S',20),('AORI-SWT-099&f0d268&M',30),('AORI-SWT-099&f0d268&L',0),('AORI-SWT-099&f0d268&XL',4),('AORI-SWT-099&f0d268&XXL',0),('AORI-SWT-099&ff6251&XS',2),('AORI-SWT-099&ff6251&S',3),('AORI-SWT-099&ff6251&M',5),('AORI-SWT-099&ff6251&L',4),('AORI-SWT-099&ff6251&XL',1),('AORI-SWT-099&ff6251&XXL',0),('AORI-DRS-066&d57c7e&XS',10),('AORI-DRS-066&d57c7e&S',10),('AORI-DRS-066&d57c7e&M',10),('AORI-DRS-066&d57c7e&L',10),('AORI-DRS-066&d57c7e&XL',10),('AORI-DRS-066&d57c7e&XXL',10),('AORI-SWT-095&D62828&XS',0),('AORI-SWT-095&D62828&S',0),('AORI-SWT-095&D62828&M',0),('AORI-SWT-095&D62828&L',0),('AORI-SWT-095&003049&XS',10),('AORI-SWT-095&003049&S',10),('AORI-SWT-095&003049&M',10),('AORI-SWT-095&003049&L',0),('AORI-SWT-095&c37f72&XS',10),('AORI-SWT-095&c37f72&S',10),('AORI-SWT-095&c37f72&M',10),('AORI-SWT-095&c37f72&L',0),('AORI-SWT-095&c37f72&XL',0),('AORI-SWT-095&c37f72&XXL',0),('AORI-SWT-095&003049&XL',0),('AORI-SWT-095&003049&XXL',0),('AORI-TSH-064&2D3142&XS',0),('AORI-TSH-064&2D3142&S',0),('AORI-TSH-064&2D3142&M',0),('AORI-TSH-064&BFC0C0&XS',0),('AORI-TSH-064&BFC0C0&S',0),('AORI-TSH-064&BFC0C0&M',0),('AORI-TSH-064&dce8e3&XS',0),('AORI-TSH-064&dce8e3&S',0),('AORI-TSH-064&dce8e3&M',0),('AORI-TSH-064&dce8e3&L',0),('AORI-TSH-064&dce8e3&XL',0),('AORI-TSH-064&dce8e3&XXL',0),('AORI-TSH-064&bfc0c0&L',0),('AORI-TSH-064&bfc0c0&XL',0),('AORI-TSH-064&bfc0c0&XXL',0),('AORI-SWT-026&0A2540&L',0),('AORI-SWT-026&0A2540&XL',0),('AORI-SWT-026&6B705C&M',0),('AORI-SWT-026&6B705C&L',0),('AORI-SWT-026&6B705C&XL',0),('AORI-SWT-026&a97335&XS',10),('AORI-SWT-026&a97335&S',10),('AORI-SWT-026&a97335&M',20),('AORI-SWT-026&a97335&L',10),('AORI-SWT-026&a97335&XL',20),('AORI-SWT-026&a97335&XXL',5),('AORI-SWT-026&669c35&XS',0),('AORI-SWT-026&669c35&S',0),('AORI-SWT-026&669c35&M',0),('AORI-SWT-026&669c35&L',0),('AORI-SWT-026&669c35&XL',0),('AORI-SWT-026&669c35&XXL',0),('AORI-SWT-049&8B4513&S',0),('AORI-SWT-049&8B4513&M',0),('AORI-SWT-049&8B4513&L',0),('AORI-SWT-049&8B4513&XL',0),('AORI-SWT-049&D2691E&S',0),('AORI-SWT-049&D2691E&M',0),('AORI-SWT-049&D2691E&L',0),('AORI-SWT-049&D2691E&XL',0),('AORI-TSH-062&000000&XS',0),('AORI-TSH-062&000000&S',0),('AORI-TSH-062&000000&M',0),('AORI-TSH-062&FFFFFF&XS',0),('AORI-TSH-062&FFFFFF&S',0),('AORI-TSH-062&FFFFFF&M',0),('AORI-TSH-062&af95a7&XS',0),('AORI-TSH-062&af95a7&S',0),('AORI-TSH-062&af95a7&M',0),('AORI-TSH-062&af95a7&L',0),('AORI-TSH-062&af95a7&XL',0),('AORI-TSH-062&af95a7&XXL',0),('AORI-TSH-062&831100&XS',0),('AORI-TSH-062&831100&S',0),('AORI-TSH-062&831100&M',0),('AORI-TSH-062&831100&L',0),('AORI-TSH-062&831100&XL',0),('AORI-TSH-062&831100&XXL',0),('AORI-SWT-049&144ba3&XS',0),('AORI-SWT-049&144ba3&S',0),('AORI-SWT-049&144ba3&M',0),('AORI-SWT-049&144ba3&L',0),('AORI-SWT-049&144ba3&XL',0),('AORI-SWT-049&144ba3&XXL',0),('AORI-SWT-049&d9c1af&XS',0),('AORI-SWT-049&d9c1af&S',0),('AORI-SWT-049&d9c1af&M',0),('AORI-SWT-049&d9c1af&L',0),('AORI-SWT-049&d9c1af&XL',0),('AORI-SWT-049&d9c1af&XXL',0),('AORI-SWT-026&848980&XS',10),('AORI-SWT-026&848980&S',20),('AORI-SWT-026&848980&M',10),('AORI-SWT-026&848980&L',10),('AORI-SWT-026&848980&XL',10),('AORI-SWT-026&848980&XXL',10),('AORI-HOD-069&a1947f&XS',0),('AORI-HOD-069&a1947f&S',0),('AORI-HOD-069&a1947f&M',0),('AORI-HOD-069&a1947f&L',0),('AORI-HOD-069&a1947f&XL',0),('AORI-HOD-069&a1947f&XXL',0),('AORI-HOD-069&00a3d7&XS',0),('AORI-HOD-069&00a3d7&S',0),('AORI-HOD-069&00a3d7&M',0),('AORI-HOD-069&00a3d7&L',0),('AORI-HOD-069&00a3d7&XL',0),('AORI-HOD-069&00a3d7&XXL',0),('AORI-HOD-075&eb652c&XS',0),('AORI-HOD-075&eb652c&S',0),('AORI-HOD-075&eb652c&M',0),('AORI-HOD-075&eb652c&L',0),('AORI-HOD-075&eb652c&XL',0),('AORI-HOD-075&eb652c&XXL',0),('AORI-HOD-075&003049&XS',0),('AORI-HOD-075&003049&XL',0),('AORI-HOD-075&003049&XXL',0),('AORI-TOP-008&252524&XS',8),('AORI-TOP-008&252524&S',7),('AORI-TOP-008&252524&M',10),('AORI-TOP-008&252524&L',10),('AORI-TOP-008&252524&XL',10),('AORI-TOP-008&252524&XXL',10),('AORI-TOP-008&0a2540&XXL',10),('AORI-TOP-009&111111&XS',0),('AORI-TOP-009&111111&S',0),('AORI-TOP-009&111111&M',0),('AORI-TOP-009&111111&L',0),('AORI-TOP-009&d5a79f&XS',0),('AORI-TOP-009&d5a79f&S',0),('AORI-TOP-009&d5a79f&M',0),('AORI-TOP-009&d5a79f&L',0),('AORI-TOP-009&d5a79f&XL',0),('AORI-TOP-009&d5a79f&XXL',0),('AORI-TOP-009&d29d00&XS',0),('AORI-TOP-009&d29d00&S',0),('AORI-TOP-009&d29d00&M',0),('AORI-TOP-009&d29d00&L',0),('AORI-TOP-009&d29d00&XL',0),('AORI-TOP-009&d29d00&XXL',0),('AORI-TOP-006&6B705C&XS',0),('AORI-TOP-006&6B705C&S',0),('AORI-TOP-006&6B705C&M',0),('AORI-TOP-006&6B705C&L',0),('AORI-TOP-006&6B705C&XL',0),('AORI-TOP-006&111111&XS',0),('AORI-TOP-006&111111&S',0),('AORI-TOP-006&111111&M',0),('AORI-TOP-006&111111&L',0),('AORI-TOP-006&111111&XL',0),('AORI-TOP-006&dedad0&XS',0),('AORI-TOP-006&dedad0&S',0),('AORI-TOP-006&dedad0&M',0),('AORI-TOP-006&dedad0&L',0),('AORI-TOP-006&dedad0&XL',0),('AORI-TOP-006&dedad0&XXL',0),('AORI-TOP-006&111111&XXL',0),('AORI-SWT-018&d2a68e&XS',10),('AORI-SWT-018&d2a68e&S',10),('AORI-SWT-018&d2a68e&M',10),('AORI-SWT-018&d2a68e&L',10),('AORI-SWT-018&d2a68e&XL',0),('AORI-SWT-018&d2a68e&XXL',0),('AORI-TOP-007&0176bd&XS',0),('AORI-TOP-007&0176bd&S',0),('AORI-TOP-007&0176bd&M',0),('AORI-TOP-007&0176bd&L',0),('AORI-TOP-007&0176bd&XL',0),('AORI-TOP-007&0176bd&XXL',0),('AORI-TOP-007&ad3e00&XS',0),('AORI-TOP-007&ad3e00&S',0),('AORI-TOP-007&ad3e00&M',0),('AORI-TOP-007&ad3e00&L',0),('AORI-TOP-007&ad3e00&XL',0),('AORI-TOP-007&ad3e00&XXL',0),('AORI-BLZ-023&c22431&XS',0),('AORI-BLZ-023&c22431&S',0),('AORI-BLZ-023&c22431&M',0),('AORI-BLZ-023&c22431&L',10),('AORI-BLZ-023&c22431&XL',10),('AORI-BLZ-023&c22431&XXL',10),('AORI-OUT-011&747876&XS',0),('AORI-OUT-011&747876&S',0),('AORI-OUT-011&747876&M',0),('AORI-OUT-011&747876&L',0),('AORI-OUT-011&747876&XL',0),('AORI-OUT-011&747876&XXL',0),('AORI-OUT-011&0a2540&XS',0),('AORI-OUT-011&0a2540&XXL',0),('AORI-JKT-057&2D3142&S',0),('AORI-JKT-057&2D3142&M',0),('AORI-JKT-057&2D3142&L',0),('AORI-JKT-057&BFC0C0&S',0),('AORI-JKT-057&BFC0C0&M',0),('AORI-JKT-057&BFC0C0&L',0),('AORI-BLZ-042&d62828&XS',0),('AORI-BLZ-042&d62828&XL',0),('AORI-BLZ-042&d62828&XXL',0),('AORI-BLZ-042&003049&XS',0),('AORI-BLZ-042&003049&XL',60),('AORI-BLZ-042&003049&XXL',0),('AORI-JKT-057&c78132&XS',0),('AORI-JKT-057&c78132&S',0),('AORI-JKT-057&c78132&M',0),('AORI-JKT-057&c78132&L',0),('AORI-JKT-057&c78132&XL',0),('AORI-JKT-057&c78132&XXL',0),('AORI-JKT-057&0061ff&XS',0),('AORI-JKT-057&0061ff&S',0),('AORI-JKT-057&0061ff&M',0),('AORI-JKT-057&0061ff&L',0),('AORI-JKT-057&0061ff&XL',0),('AORI-JKT-057&0061ff&XXL',0),('AORI-BLZ-082&1A535C&XS',0),('AORI-BLZ-082&1A535C&S',0),('AORI-BLZ-082&1A535C&M',0),('AORI-BLZ-082&1A535C&L',0),('AORI-BLZ-082&4ECDC4&XS',0),('AORI-BLZ-082&4ECDC4&S',0),('AORI-BLZ-082&4ECDC4&M',0),('AORI-BLZ-082&4ECDC4&L',0),('AORI-HOD-041&0A2540&M',0),('AORI-HOD-041&0A2540&L',0),('AORI-HOD-041&0A2540&XL',0),('AORI-HOD-041&6B705C&M',0),('AORI-HOD-041&6B705C&L',0),('AORI-HOD-041&6B705C&XL',0),('AORI-BLZ-082&76b2bc&XS',10),('AORI-BLZ-082&76b2bc&S',10),('AORI-BLZ-082&76b2bc&M',20),('AORI-BLZ-082&76b2bc&L',5),('AORI-BLZ-082&76b2bc&XL',0),('AORI-BLZ-082&76b2bc&XXL',0),('AORI-BLZ-082&828282&XS',10),('AORI-BLZ-082&828282&S',10),('AORI-BLZ-082&828282&M',0),('AORI-BLZ-082&828282&L',9),('AORI-HOD-041&396094&XS',0),('AORI-BLZ-082&828282&XL',0),('AORI-HOD-041&396094&S',0),('AORI-HOD-041&396094&M',0),('AORI-BLZ-082&828282&XXL',0),('AORI-HOD-041&396094&L',0),('AORI-HOD-041&396094&XL',0),('AORI-HOD-041&396094&XXL',0),('AORI-HOD-041&6b705c&XS',0),('AORI-HOD-041&6b705c&S',0),('AORI-HOD-041&6b705c&XXL',0),('AORI-JKT-068&E63946&XS',0),('AORI-JKT-068&E63946&S',0),('AORI-JKT-068&E63946&M',0),('AORI-JKT-068&E63946&L',0),('AORI-JKT-068&F1FAEE&XS',0),('AORI-JKT-068&F1FAEE&S',0),('AORI-JKT-068&F1FAEE&M',0),('AORI-JKT-068&F1FAEE&L',0),('AORI-JKT-068&14161b&XS',0),('AORI-JKT-068&14161b&S',0),('AORI-JKT-068&14161b&M',0),('AORI-JKT-068&14161b&L',0),('AORI-JKT-068&14161b&XL',0),('AORI-JKT-068&14161b&XXL',0),('AORI-JKT-068&006d8f&XS',0),('AORI-JKT-068&006d8f&S',0),('AORI-JKT-068&006d8f&M',0),('AORI-JKT-068&006d8f&L',0),('AORI-JKT-068&006d8f&XL',0),('AORI-JKT-068&006d8f&XXL',0),('AORI-OUT-013&F5F5F5&L',0),('AORI-OUT-013&F5F5F5&XL',0),('AORI-OUT-013&C0A080&S',0),('AORI-OUT-013&C0A080&M',0),('AORI-OUT-013&C0A080&L',0),('AORI-OUT-013&C0A080&XL',0),('AORI-HOD-076&9ecfff&XS',4),('AORI-HOD-076&9ecfff&S',5),('AORI-HOD-076&9ecfff&M',10),('AORI-HOD-076&9ecfff&L',2),('AORI-HOD-076&9ecfff&XL',0),('AORI-HOD-076&9ecfff&XXL',0),('AORI-HOD-076&a0af74&XS',6),('AORI-HOD-076&a0af74&S',8),('AORI-HOD-076&a0af74&M',9),('AORI-HOD-076&a0af74&L',3),('AORI-HOD-076&a0af74&XL',0),('AORI-HOD-076&a0af74&XXL',0),('AORI-JKT-022&8B4513&XS',0),('AORI-JKT-022&8B4513&S',0),('AORI-JKT-022&8B4513&M',0),('AORI-JKT-022&D2691E&XS',0),('AORI-JKT-022&D2691E&S',0),('AORI-JKT-022&D2691E&M',0),('AORI-OUT-013&4a6c83&XS',0),('AORI-OUT-013&4a6c83&S',0),('AORI-OUT-013&4a6c83&M',0),('AORI-OUT-013&4a6c83&L',0),('AORI-OUT-013&4a6c83&XL',0),('AORI-OUT-013&4a6c83&XXL',0),('AORI-OUT-013&232323&XS',0),('AORI-OUT-013&232323&S',0),('AORI-OUT-013&232323&M',0),('AORI-OUT-013&232323&L',0),('AORI-OUT-013&232323&XL',0),('AORI-OUT-013&232323&XXL',0),('AORI-JKT-003&2C3E50&M',0),('AORI-JKT-003&2C3E50&L',0),('AORI-JKT-003&2C3E50&XL',0),('AORI-JKT-003&ECF0F1&M',0),('AORI-JKT-003&ECF0F1&L',0),('AORI-JKT-003&ECF0F1&XL',0),('AORI-JKT-003&b96749&XS',0),('AORI-JKT-003&b96749&S',0),('AORI-JKT-003&b96749&M',0),('AORI-JKT-003&b96749&L',0),('AORI-JKT-003&b96749&XL',0),('AORI-JKT-003&b96749&XXL',0),('AORI-JKT-003&583400&XS',0),('AORI-JKT-003&583400&S',0),('AORI-JKT-003&583400&M',0),('AORI-JKT-003&583400&L',0),('AORI-JKT-003&583400&XL',0),('AORI-JKT-003&583400&XXL',0),('AORI-JKT-052&2D3142&M',0),('AORI-JKT-052&2D3142&L',0),('AORI-JKT-052&2D3142&XL',0),('AORI-JKT-022&0e326c&XS',9),('AORI-JKT-052&BFC0C0&M',0),('AORI-JKT-022&0e326c&S',6),('AORI-JKT-052&BFC0C0&L',0),('AORI-JKT-022&0e326c&M',4),('AORI-JKT-052&BFC0C0&XL',0),('AORI-JKT-022&0e326c&L',4),('AORI-JKT-022&0e326c&XL',2),('AORI-JKT-022&0e326c&XXL',3),('AORI-JKT-022&565452&XS',3),('AORI-JKT-022&565452&S',2),('AORI-JKT-022&565452&M',4),('AORI-JKT-022&565452&L',1),('AORI-JKT-022&565452&XL',4),('AORI-JKT-022&565452&XXL',3),('AORI-LWG-017&111111&S',0),('AORI-LWG-017&111111&M',0),('AORI-LWG-017&111111&L',0),('AORI-LWG-017&111111&XL',0),('AORI-LWG-017&6B705C&S',0),('AORI-LWG-017&6B705C&M',0),('AORI-LWG-017&6B705C&L',0),('AORI-LWG-017&6B705C&XL',0),('AORI-JKT-052&97a591&XS',0),('AORI-JKT-052&97a591&S',0),('AORI-JKT-052&97a591&M',0),('AORI-JKT-052&97a591&L',0),('AORI-JKT-052&97a591&XL',0),('AORI-JKT-052&97a591&XXL',0),('AORI-JKT-052&bfc0c0&XS',0),('AORI-JKT-052&bfc0c0&S',0),('AORI-JKT-052&bfc0c0&XXL',0),('AORI-LWG-017&9c9c9c&XS',10),('AORI-LWG-017&9c9c9c&S',2),('AORI-LWG-017&9c9c9c&M',3),('AORI-LWG-017&9c9c9c&L',1),('AORI-LWG-017&9c9c9c&XL',10),('AORI-LWG-017&9c9c9c&XXL',0),('AORI-LWG-017&4b5b1a&XS',5),('AORI-LWG-017&4b5b1a&S',3),('AORI-LWG-017&4b5b1a&M',6),('AORI-LWG-017&4b5b1a&L',10),('AORI-LWG-017&4b5b1a&XL',0),('AORI-LWG-017&4b5b1a&XXL',0),('AORI-LWG-019&a885a7&XS',10),('AORI-LWG-019&a885a7&S',10),('AORI-LWG-019&a885a7&M',20),('AORI-LWG-019&a885a7&L',10),('AORI-LWG-019&a885a7&XL',10),('AORI-LWG-019&a885a7&XXL',0),('AORI-LWG-016&0A2540&S',0),('AORI-LWG-016&0A2540&M',0),('AORI-LWG-016&0A2540&L',0),('AORI-LWG-016&0A2540&XL',0),('AORI-LWG-016&111111&S',0),('AORI-LWG-016&111111&M',0),('AORI-LWG-016&111111&L',0),('AORI-LWG-016&111111&XL',0),('AORI-LWG-016&a2422a&XS',20),('AORI-LWG-016&a2422a&S',10),('AORI-LWG-016&a2422a&M',5),('AORI-LWG-016&a2422a&L',10),('AORI-LWG-016&a2422a&XL',10),('AORI-LWG-016&a2422a&XXL',10),('AORI-LWG-016&787878&XS',10),('AORI-LWG-016&787878&S',20),('AORI-LWG-016&787878&M',30),('AORI-LWG-016&787878&L',10),('AORI-LWG-016&787878&XL',10),('AORI-LWG-016&787878&XXL',0),('AORI-HOD-030&D62828&XS',0),('AORI-HOD-030&D62828&S',0),('AORI-HOD-030&D62828&M',0),('AORI-HOD-030&003049&XS',0),('AORI-HOD-030&003049&S',0),('AORI-HOD-030&003049&M',0),('AORI-HOD-030&d17a7a&XS',10),('AORI-HOD-030&d17a7a&S',10),('AORI-HOD-030&d17a7a&M',10),('AORI-HOD-030&d17a7a&L',0),('AORI-HOD-030&d17a7a&XL',0),('AORI-HOD-030&d17a7a&XXL',0),('AORI-HOD-030&8d969a&XS',10),('AORI-HOD-030&8d969a&S',10),('AORI-HOD-030&8d969a&M',5),('AORI-HOD-030&8d969a&L',0),('AORI-HOD-030&8d969a&XL',0),('AORI-HOD-030&8d969a&XXL',0),('AORI-JKT-089&8B4513&M',0),('AORI-JKT-089&8B4513&L',0),('AORI-JKT-089&8B4513&XL',0),('AORI-JKT-089&D2691E&M',0),('AORI-JKT-089&D2691E&L',0),('AORI-JKT-089&D2691E&XL',0),('AORI-JKT-089&ac9ee0&XS',10),('AORI-JKT-089&ac9ee0&S',50),('AORI-JKT-089&ac9ee0&M',20),('AORI-JKT-089&ac9ee0&L',4),('AORI-JKT-089&ac9ee0&XL',2),('AORI-JKT-089&ac9ee0&XXL',0),('AORI-JKT-089&a29d9a&XS',5),('AORI-JKT-089&a29d9a&S',6),('AORI-JKT-089&a29d9a&M',10),('AORI-JKT-089&a29d9a&L',20),('AORI-JKT-089&a29d9a&XL',10),('AORI-JKT-089&a29d9a&XXL',0),('AORI-JKT-089&FF6B6B&M',99999),('AORI-LWG-020&111111&S',0),('AORI-LWG-020&111111&M',0),('AORI-LWG-020&111111&L',0),('AORI-LWG-020&111111&XL',0),('AORI-LWG-020&0A2540&S',0),('AORI-LWG-020&0A2540&M',0),('AORI-LWG-020&0A2540&L',0),('AORI-LWG-020&0A2540&XL',0),('AORI-LWG-020&67503d&XS',0),('AORI-LWG-020&67503d&S',0),('AORI-LWG-020&67503d&M',0),('AORI-LWG-020&67503d&L',0),('AORI-LWG-020&67503d&XL',0),('AORI-LWG-020&67503d&XXL',0),('AORI-LWG-020&0a2540&XS',0),('AORI-LWG-020&0a2540&XXL',0),('AORI-LWG-018&F5F5F5&S',0),('AORI-LWG-018&F5F5F5&M',0),('AORI-LWG-018&F5F5F5&L',0),('AORI-LWG-018&F5F5F5&XL',0),('AORI-LWG-018&89857a&XS',0),('AORI-LWG-018&89857a&S',0),('AORI-LWG-018&89857a&M',0),('AORI-LWG-018&89857a&L',0),('AORI-LWG-018&89857a&XL',0),('AORI-LWG-018&89857a&XXL',0),('AORI-LWG-018&f5f5f5&XS',0),('AORI-LWG-018&f5f5f5&XXL',0),('AORI-OUT-015&F5F5F5&S',0),('AORI-OUT-015&F5F5F5&M',0),('AORI-OUT-015&F5F5F5&L',0),('AORI-OUT-015&F5F5F5&XL',0),('AORI-OUT-015&111111&S',0),('AORI-OUT-015&111111&M',0),('AORI-OUT-015&111111&L',0),('AORI-OUT-015&111111&XL',0),('AORI-TOP-666&000000&S',0),('AORI-TOP-666&000000&XL',0),('AORI-ACC-021&38571a&XS',0),('AORI-ACC-021&38571a&S',0),('AORI-ACC-021&38571a&M',0),('AORI-ACC-021&38571a&L',0),('AORI-ACC-021&38571a&XL',0),('AORI-ACC-021&38571a&XXL',0),('AORI-BTM-003&6B705C&XS',0),('AORI-BTM-003&6B705C&S',0),('AORI-BTM-003&6B705C&M',0),('AORI-BTM-003&6B705C&L',0),('AORI-BTM-003&6B705C&XL',0),('AORI-BTM-003&C0A080&XS',0),('AORI-BTM-003&C0A080&S',0),('AORI-BTM-003&C0A080&M',0),('AORI-BTM-003&C0A080&L',0),('AORI-BTM-003&C0A080&XL',0),('AORI-KKK-123&ca8686&XS',0),('AORI-KKK-123&ca8686&S',0),('AORI-KKK-123&ca8686&M',0),('AORI-KKK-123&ca8686&L',0),('AORI-KKK-123&ca8686&XL',20),('AORI-KKK-123&ca8686&XXL',0),('AORI-TOP-456&000000&XS',0),('AORI-TOP-456&000000&S',12),('AORI-TOP-456&000000&M',0),('AORI-TOP-456&000000&L',0),('AORI-TOP-456&000000&XL',22),('AORI-TOP-456&000000&XXL',0),('AORI-HOD-078&8B4513&XS',0),('AORI-HOD-078&8B4513&S',0),('AORI-HOD-078&8B4513&M',0),('AORI-HOD-078&8B4513&L',0),('AORI-HOD-078&D2691E&XS',0),('AORI-HOD-078&D2691E&S',0),('AORI-HOD-078&D2691E&M',0),('AORI-HOD-078&D2691E&L',0),('AORI-JKT-006&D62828&S',0),('AORI-JKT-006&D62828&M',0),('AORI-JKT-006&D62828&L',0),('AORI-JKT-006&003049&XS',0),('AORI-JKT-006&003049&S',0),('AORI-JKT-006&003049&M',0),('AORI-JKT-006&003049&L',0),('AORI-JKT-015&E63946&S',0),('AORI-JKT-015&E63946&L',0),('AORI-JKT-015&F1FAEE&S',0),('AORI-JKT-015&F1FAEE&M',0),('AORI-JKT-015&F1FAEE&L',0),('AORI-JKT-032&6A994E&M',0),('AORI-JKT-032&6A994E&L',0),('AORI-JKT-032&BC4749&S',0),('AORI-JKT-032&BC4749&M',0),('AORI-JKT-032&BC4749&L',0),('AORI-JKT-038&2D3142&M',0),('AORI-JKT-038&2D3142&L',0),('AORI-JKT-038&2D3142&XL',0),('AORI-JKT-038&2D3142&XXL',0),('AORI-JKT-038&BFC0C0&M',0),('AORI-JKT-038&BFC0C0&L',0),('AORI-JKT-038&BFC0C0&XL',0),('AORI-JKT-038&BFC0C0&XXL',0),('AORI-JKT-083&000000&S',0),('AORI-JKT-083&000000&M',0),('AORI-JKT-083&000000&L',0),('AORI-JKT-083&FFFFFF&S',0),('AORI-JKT-083&FFFFFF&M',0),('AORI-JKT-083&FFFFFF&L',0),('AORI-JNS-009&E63946&S',0),('AORI-JNS-009&E63946&M',0),('AORI-JNS-009&E63946&L',0),('AORI-JNS-009&E63946&XL',0),('AORI-JNS-009&F1FAEE&S',0),('AORI-JNS-009&F1FAEE&M',0),('AORI-JNS-009&F1FAEE&L',0),('AORI-JNS-009&F1FAEE&XL',0),('AORI-JNS-009&3a88fe&XS',0),('AORI-JNS-009&3a88fe&S',0),('AORI-JNS-009&3a88fe&M',0),('AORI-JNS-009&3a88fe&L',0),('AORI-JNS-009&3a88fe&XL',0),('AORI-JNS-009&3a88fe&XXL',0),('AORI-JNS-009&f1faee&XS',0),('AORI-JNS-009&f1faee&XXL',0),('AORI-JNS-019&0A2540&M',0),('AORI-JNS-019&0A2540&L',0),('AORI-JNS-019&0A2540&XL',0),('AORI-JNS-019&6B705C&M',0),('AORI-JNS-019&6B705C&L',0),('AORI-JNS-019&6B705C&XL',0),('AORI-JNS-037&0A2540&XL',0),('AORI-JNS-037&6B705C&M',0),('AORI-JNS-037&6B705C&L',0),('AORI-JNS-037&6B705C&XL',0),('AORI-JNS-067&2C3E50&XS',0),('AORI-JNS-067&2C3E50&S',0),('AORI-JNS-067&2C3E50&M',0),('AORI-JNS-067&2C3E50&L',0),('AORI-JNS-067&ECF0F1&XS',0),('AORI-JNS-067&ECF0F1&S',0),('AORI-JNS-067&ECF0F1&M',0),('AORI-JNS-067&ECF0F1&L',0),('AORI-JNS-086&6A994E&S',0),('AORI-JNS-086&6A994E&M',0),('AORI-JNS-086&6A994E&L',0),('AORI-JNS-086&6A994E&XL',0),('AORI-JNS-086&BC4749&S',0),('AORI-JNS-086&BC4749&M',0),('AORI-JNS-086&BC4749&L',0),('AORI-JNS-086&BC4749&XL',0),('AORI-JNS-097&2C3E50&S',0),('AORI-JNS-097&2C3E50&M',0),('AORI-JNS-097&2C3E50&L',0),('AORI-JNS-097&ECF0F1&S',0),('AORI-JNS-097&ECF0F1&M',0),('AORI-JNS-097&ECF0F1&L',0),('AORI-OUT-014&0A2540&S',0),('AORI-OUT-014&0A2540&M',0),('AORI-OUT-014&0A2540&L',0),('AORI-OUT-014&0A2540&XL',0),('AORI-OUT-014&6B705C&S',0),('AORI-OUT-014&6B705C&M',0),('AORI-OUT-014&6B705C&L',0),('AORI-OUT-014&6B705C&XL',0),('AORI-POL-007&2D3142&M',0),('AORI-POL-007&2D3142&L',0),('AORI-POL-007&2D3142&XL',0),('AORI-POL-007&2D3142&XXL',0),('AORI-POL-007&BFC0C0&M',0),('AORI-POL-007&BFC0C0&L',0),('AORI-POL-007&BFC0C0&XL',0),('AORI-POL-007&BFC0C0&XXL',0),('AORI-POL-053&D62828&S',0),('AORI-POL-053&D62828&M',0),('AORI-POL-053&D62828&L',0),('AORI-POL-053&D62828&XL',0),('AORI-POL-053&003049&S',0),('AORI-POL-053&003049&M',0),('AORI-POL-053&003049&L',0),('AORI-POL-053&003049&XL',0),('AORI-POL-055&6A994E&S',0),('AORI-POL-055&6A994E&M',0),('AORI-POL-055&6A994E&L',0),('AORI-POL-055&6A994E&XL',0),('AORI-POL-055&BC4749&S',0),('AORI-POL-055&BC4749&M',0),('AORI-POL-055&BC4749&L',0),('AORI-POL-055&BC4749&XL',0),('AORI-POL-077&2C3E50&S',0),('AORI-POL-077&2C3E50&M',0),('AORI-POL-077&2C3E50&L',0),('AORI-POL-077&2C3E50&XL',0),('AORI-POL-077&ECF0F1&S',0),('AORI-POL-077&ECF0F1&M',0),('AORI-POL-077&ECF0F1&L',0),('AORI-POL-077&ECF0F1&XL',0),('AORI-SHT-014&2C3E50&S',0),('AORI-SHT-014&2C3E50&M',0),('AORI-SHT-014&2C3E50&L',0),('AORI-SHT-014&2C3E50&XL',0),('AORI-SHT-014&ECF0F1&S',0),('AORI-SHT-014&ECF0F1&M',0),('AORI-SHT-014&ECF0F1&L',0),('AORI-SHT-014&ECF0F1&XL',0),('AORI-SHT-029&FF6B6B&XS',0),('AORI-SHT-029&FF6B6B&S',0),('AORI-SHT-029&FF6B6B&M',0),('AORI-SHT-029&4ECDC4&XS',0),('AORI-SHT-029&4ECDC4&S',0),('AORI-SHT-029&4ECDC4&M',0),('AORI-SHT-063&6A994E&S',0),('AORI-SHT-063&6A994E&M',0),('AORI-SHT-063&6A994E&L',0),('AORI-SHT-063&BC4749&XS',0),('AORI-SHT-063&BC4749&S',0),('AORI-SHT-063&BC4749&M',0),('AORI-SHT-063&BC4749&L',0),('AORI-SHT-072&1A535C&XS',0),('AORI-SHT-072&1A535C&S',0),('AORI-SHT-072&1A535C&M',0),('AORI-SHT-072&4ECDC4&XS',0),('AORI-SHT-072&4ECDC4&S',0),('AORI-SHT-072&4ECDC4&M',0),('AORI-SKT-025&1A535C&M',0),('AORI-SKT-025&1A535C&L',0),('AORI-SKT-025&1A535C&XL',0),('AORI-SKT-025&1A535C&XXL',0),('AORI-SKT-025&4ECDC4&M',0),('AORI-SKT-025&4ECDC4&L',0),('AORI-SKT-025&4ECDC4&XL',0),('AORI-SKT-025&4ECDC4&XXL',0),('AORI-SKT-071&8B4513&S',0),('AORI-SKT-071&8B4513&M',0),('AORI-SKT-071&8B4513&L',0),('AORI-SKT-071&8B4513&XL',0),('AORI-SKT-071&D2691E&S',0),('AORI-SKT-071&D2691E&M',0),('AORI-SKT-071&D2691E&L',0),('AORI-SKT-071&D2691E&XL',0),('AORI-SKT-001&c0a080&XS',0),('AORI-SKT-001&c0a080&S',0),('AORI-SKT-001&c0a080&M',0),('AORI-SKT-001&c0a080&L',0),('AORI-SKT-001&c0a080&XL',0),('AORI-SKT-001&c0a080&XXL',0),('AORI-SKT-001&f5f5f5&XS',0),('AORI-SKT-001&f5f5f5&S',0),('AORI-SKT-001&f5f5f5&M',0),('AORI-SKT-001&f5f5f5&L',0),('AORI-SKT-001&f5f5f5&XL',0),('AORI-SKT-001&f5f5f5&XXL',0),('AORI-TRS-051&E63946&S',0),('AORI-TRS-051&E63946&M',0),('AORI-TRS-051&E63946&L',0),('AORI-TRS-051&F1FAEE&S',0),('AORI-TRS-051&F1FAEE&M',0),('AORI-TRS-051&F1FAEE&L',0),('AORI-TRS-070&6A994E&S',0),('AORI-TRS-070&6A994E&M',0),('AORI-TRS-070&6A994E&L',0),('AORI-TRS-070&BC4749&S',0),('AORI-TRS-070&BC4749&M',0),('AORI-TRS-070&BC4749&L',0),('AORI-TRS-084&8B4513&S',0),('AORI-TRS-084&8B4513&M',0),('AORI-TRS-084&8B4513&L',0),('AORI-TRS-084&8B4513&XL',0),('AORI-TRS-084&D2691E&S',0),('AORI-TRS-084&D2691E&M',0),('AORI-TRS-084&D2691E&L',0),('AORI-TRS-084&D2691E&XL',0),('AORI-TSH-020&0A2540&S',0),('AORI-TSH-020&0A2540&M',0),('AORI-TSH-020&0A2540&L',0),('AORI-TSH-020&6B705C&S',0),('AORI-TSH-020&6B705C&M',0),('AORI-TSH-020&6B705C&L',0),('AORI-TSH-039&000000&S',0),('AORI-TSH-039&000000&L',0),('AORI-TSH-039&FFFFFF&S',0),('AORI-TSH-039&FFFFFF&M',0),('AORI-TSH-039&FFFFFF&L',0),('AORI-TSH-039&000000&XS',0),('AORI-TSH-039&000000&XL',0),('AORI-TSH-039&000000&XXL',0),('AORI-TSH-039&ffffff&XS',0),('AORI-TSH-039&ffffff&XL',0),('AORI-TSH-039&ffffff&XXL',0),('AORI-TSH-065&E63946&M',0),('AORI-TSH-065&E63946&L',0),('AORI-TSH-065&F1FAEE&XS',0),('AORI-TSH-065&F1FAEE&S',0),('AORI-TSH-065&F1FAEE&M',0),('AORI-TSH-065&F1FAEE&L',0),('AORI-TSH-079&0A2540&S',0),('AORI-TSH-079&0A2540&M',0),('AORI-TSH-079&0A2540&L',0),('AORI-TSH-079&6B705C&S',0),('AORI-TSH-079&6B705C&M',0),('AORI-TSH-079&6B705C&L',0);
/*!40000 ALTER TABLE `sku` ENABLE KEYS */;

--
-- Table structure for table `sku_backup`
--

DROP TABLE IF EXISTS `sku_backup`;
/*!40101 SET @saved_cs_client     = @@character_set_client */;
/*!50503 SET character_set_client = utf8mb4 */;
CREATE TABLE `sku_backup` (
  `sku` varchar(255) NOT NULL,
  `quantity` int NOT NULL
) ENGINE=InnoDB DEFAULT CHARSET=utf8mb4 COLLATE=utf8mb4_0900_ai_ci;
/*!40101 SET character_set_client = @saved_cs_client */;

--
-- Dumping data for table `sku_backup`
--

/*!40000 ALTER TABLE `sku_backup` DISABLE KEYS */;
INSERT INTO `sku_backup` VALUES ('AORI-TRS-034&FF6B6B&S',0),('AORI-TRS-034&FF6B6B&M',98),('AORI-TRS-034&FF6B6B&L',0),('AORI-TRS-034&FF6B6B&XL',0),('AORI-TRS-034&4ECDC4&S',0),('AORI-TRS-034&4ECDC4&M',0),('AORI-TRS-034&4ECDC4&L',0),('AORI-TRS-034&4ECDC4&XL',0),('AORI-TOP-008&6B705C&XS',9),('AORI-TOP-008&6B705C&S',15),('AORI-TOP-008&6B705C&M',14),('AORI-TOP-008&6B705C&L',13),('AORI-TOP-008&6B705C&XL',11),('AORI-TOP-008&0A2540&XS',0),('AORI-TOP-008&0A2540&S',0),('AORI-TOP-008&0A2540&M',0),('AORI-TOP-008&0A2540&L',0),('AORI-TOP-008&0A2540&XL',0),('AORI-HOD-069&E63946&XS',8),('AORI-HOD-069&E63946&S',7),('AORI-HOD-069&E63946&M',5),('AORI-HOD-069&F1FAEE&XS',6),('AORI-HOD-069&F1FAEE&S',8),('AORI-HOD-069&F1FAEE&M',6),('AORI-JNS-021&D62828&M',0),('AORI-JNS-021&D62828&L',0),('AORI-JNS-021&D62828&XL',0),('AORI-JNS-021&003049&M',0),('AORI-JNS-021&003049&L',0),('AORI-JNS-021&003049&XL',0),('AORI-BTM-002&0A2540&28',11),('AORI-BTM-002&0A2540&30',9),('AORI-BTM-002&0A2540&32',10),('AORI-BTM-002&0A2540&34',8),('AORI-BTM-002&0A2540&36',12),('AORI-BTM-002&111111&28',10),('AORI-BTM-002&111111&30',9),('AORI-BTM-002&111111&32',8),('AORI-BTM-002&111111&34',10),('AORI-BTM-002&111111&36',10),('AORI-TSH-059&E63946&XS',8),('AORI-TSH-059&E63946&S',6),('AORI-TSH-059&E63946&M',5),('AORI-TSH-059&F1FAEE&XS',7),('AORI-TSH-059&F1FAEE&S',6),('AORI-TSH-059&F1FAEE&M',6),('AORI-OUT-011&111111&S',15),('AORI-OUT-011&111111&M',14),('AORI-OUT-011&111111&L',12),('AORI-OUT-011&111111&XL',13),('AORI-OUT-011&0A2540&S',0),('AORI-OUT-011&0A2540&M',0),('AORI-OUT-011&0A2540&L',0),('AORI-OUT-011&0A2540&XL',0),('AORI-HOD-075&D62828&S',6),('AORI-HOD-075&D62828&M',5),('AORI-HOD-075&D62828&L',3),('AORI-HOD-075&003049&S',0),('AORI-HOD-075&003049&M',0),('AORI-HOD-075&003049&L',0),('AORI-SHT-094&0A2540&M',11),('AORI-SHT-094&0A2540&L',9),('AORI-SHT-094&0A2540&XL',8),('AORI-SHT-094&6B705C&M',0),('AORI-SHT-094&6B705C&L',0),('AORI-SHT-094&6B705C&XL',0),('AORI-TRS-033&FF6B6B&XS',5),('AORI-TRS-033&FF6B6B&S',3),('AORI-TRS-033&FF6B6B&M',4),('AORI-TRS-033&FF6B6B&L',3),('AORI-TRS-033&4ECDC4&XS',6),('AORI-TRS-033&4ECDC4&S',5),('AORI-TRS-033&4ECDC4&M',5),('AORI-TRS-033&4ECDC4&L',6),('AORI-TOP-010&F5F5F5&XS',0),('AORI-TOP-010&F5F5F5&S',0),('AORI-TOP-010&F5F5F5&M',0),('AORI-TOP-010&F5F5F5&L',0),('AORI-TOP-010&F5F5F5&XL',0),('AORI-TOP-010&C0A080&XS',0),('AORI-TOP-010&C0A080&S',0),('AORI-TOP-010&C0A080&M',0),('AORI-TOP-010&C0A080&L',0),('AORI-TOP-010&C0A080&XL',0),('AORI-JKT-100&000000&XS',10),('AORI-JKT-100&000000&S',0),('AORI-JKT-100&000000&M',0),('AORI-JKT-100&000000&L',0),('AORI-JKT-100&000000&XL',0),('AORI-JKT-100&000000&XXL',0),('AORI-JKT-100&ffffff&XS',0),('AORI-JKT-100&ffffff&S',0),('AORI-JKT-100&ffffff&M',0),('AORI-JKT-100&ffffff&L',0),('AORI-JKT-100&ffffff&XL',0),('AORI-JKT-100&ffffff&XXL',0),('AORI-JKT-100&ff0000&XS',0),('AORI-JKT-100&ff0000&S',0),('AORI-JKT-100&ff0000&M',0),('AORI-JKT-100&ff0000&L',0),('AORI-JKT-100&ff0000&XL',0),('AORI-JKT-100&ff0000&XXL',0),('AORI-TOP-011&000000&XS',10),('AORI-TOP-011&000000&S',10),('AORI-TOP-011&000000&M',10),('AORI-TOP-011&000000&L',20),('AORI-TOP-011&000000&XL',10),('AORI-TOP-011&000000&XXL',10),('AORI-TOP-011&ff0000&XS',10),('AORI-TOP-011&ff0000&S',10),('AORI-TOP-011&ff0000&M',10),('AORI-TOP-011&ff0000&L',10),('AORI-TOP-011&ff0000&XL',10),('AORI-TOP-011&ff0000&XXL',10),('AORI-ACC-020&288a05&L',0),('AORI-JNS-050&8B4513&M',0),('AORI-LWG-018&0A2540&M',0),('AORI-LWG-018&0A2540&M',0),('AORI-BTM-001&c0a080&XS',0),('AORI-BTM-001&c0a080&S',0),('AORI-BTM-001&c0a080&M',0),('AORI-BTM-001&c0a080&L',0),('AORI-BTM-001&c0a080&XL',0),('AORI-BTM-001&c0a080&XXL',0),('AORI-BTM-001&f5f5f5&XS',0),('AORI-BTM-001&f5f5f5&S',0),('AORI-BTM-001&f5f5f5&M',0),('AORI-BTM-001&f5f5f5&L',0),('AORI-BTM-001&f5f5f5&XL',0),('AORI-BTM-001&f5f5f5&XL',0),('AORI-BTM-001&f5f5f5&XXL',0),('AORI-BTM-001&f5f5f5&XXL',0),('AORI-LWG-018&0A2540&L',0),('AORI-JNS-037&0A2540&M',0),('AORI-JNS-037&0A2540&L',0),('AORI-TOP-007&6B705C&XS',0),('AORI-TOP-007&6B705C&S',0),('AORI-TOP-007&6B705C&M',0),('AORI-TOP-007&6B705C&L',0),('AORI-TOP-007&6B705C&XL',0),('AORI-TOP-007&F5F5F5&XS',0),('AORI-TOP-007&F5F5F5&S',0),('AORI-TOP-007&F5F5F5&M',0),('AORI-TOP-007&F5F5F5&L',0),('AORI-TOP-007&F5F5F5&XL',0),('AORI-BLZ-042&D62828&S',25),('AORI-BLZ-042&D62828&M',23),('AORI-BLZ-042&D62828&L',25),('AORI-BLZ-042&003049&S',10),('AORI-BLZ-042&003049&M',40),('AORI-BLZ-042&003049&L',50),('AORI-BLZ-023&E63946&M',0),('AORI-BLZ-023&E63946&L',0),('AORI-BLZ-023&E63946&XL',0),('AORI-BLZ-023&F1FAEE&M',0),('AORI-BLZ-023&F1FAEE&L',10),('AORI-BLZ-023&F1FAEE&XL',10),('AORI-BTM-002&0A2540&M',0),('AORI-DRS-066&6A994E&XS',0),('AORI-DRS-066&6A994E&S',0),('AORI-DRS-066&6A994E&M',0),('AORI-DRS-066&BC4749&XS',0),('AORI-DRS-066&BC4749&S',0),('AORI-DRS-066&BC4749&M',0),('AORI-BLZ-045&0A2540&M',0),('AORI-BLZ-045&0A2540&L',25),('AORI-BLZ-045&0A2540&XL',30),('AORI-BLZ-045&0A2540&XXL',25),('AORI-BLZ-045&6B705C&M',0),('AORI-BLZ-045&6B705C&L',10),('AORI-BLZ-045&6B705C&XL',10),('AORI-BLZ-045&6B705C&XXL',10),('AORI-OUT-013&F5F5F5&S',0),('AORI-OUT-013&F5F5F5&M',0),('AORI-SWT-099&0A2540&S',0),('AORI-SWT-099&0A2540&M',0),('AORI-SWT-026&0A2540&M',0),('AORI-TSH-039&000000&M',0),('AORI-JKT-032&6A994E&S',0),('AORI-TSH-065&E63946&S',0),('AORI-TSH-065&E63946&XS',0),('AORI-SHT-063&6A994E&XS',0),('AORI-BTM-002&0A2540&S',0),('AORI-JKT-006&D62828&XS',0),('AORI-TOP-010&f5f5f5&XXL',0),('AORI-TOP-010&c0a080&XXL',0),('AORI-BLZ-045&0a2540&XS',0),('AORI-BLZ-045&0a2540&S',0),('AORI-BLZ-045&6b705c&XS',0),('AORI-BLZ-045&6b705c&S',0),('AORI-ACC-021&F5F5F5&One',0),('AORI-ACC-021&111111&One',0),('AORI-TOP-009&6B705C&XS',0),('AORI-TOP-009&6B705C&S',0),('AORI-TOP-009&6B705C&M',0),('AORI-TOP-009&6B705C&L',0),('AORI-TOP-009&6B705C&XL',0),('AORI-TOP-009&111111&XL',0),('AORI-BTM-002&0A2540&XS',0),('AORI-BTM-002&0A2540&L',0),('AORI-BTM-002&0A2540&XL',0),('AORI-BTM-002&111111&XL',0),('AORI-BTM-002&111111&XS',0),('AORI-BTM-002&111111&S',0),('AORI-BTM-002&111111&M',0),('AORI-BTM-002&111111&L',0),('AORI-ACC-021&F5F5F5&L',0),('AORI-ACC-021&111111&L',0),('AORI-ACC-021&f5f5f5&XS',0),('AORI-ACC-021&f5f5f5&S',0),('AORI-ACC-021&f5f5f5&M',0),('AORI-ACC-021&f5f5f5&XL',0),('AORI-ACC-021&f5f5f5&XXL',0),('AORI-ACC-021&111111&XS',0),('AORI-ACC-021&111111&S',0),('AORI-ACC-021&111111&M',0),('AORI-ACC-021&111111&XL',0),('AORI-ACC-021&111111&XXL',0),('AORI-LWG-018&0A2540&S',0),('AORI-LWG-018&0A2540&XL',0),('AORI-JKT-015&E63946&M',0),('AORI-HOD-076&0A2540&S',0),('AORI-HOD-076&0A2540&M',0),('AORI-HOD-076&0A2540&L',0),('AORI-HOD-076&6B705C&S',0),('AORI-HOD-076&6B705C&M',0),('AORI-HOD-076&6B705C&L',0),('AORI-HOD-076&0a2540&XS',0),('AORI-HOD-076&0a2540&XL',0),('AORI-HOD-076&0a2540&XXL',0),('AORI-HOD-076&6b705c&XS',0),('AORI-HOD-076&6b705c&XL',0),('AORI-HOD-076&6b705c&XXL',0),('AORI-BLZ-023&e63946&XS',0),('AORI-BLZ-023&e63946&S',0),('AORI-BLZ-023&e63946&XXL',0),('AORI-BLZ-023&f1faee&XS',0),('AORI-BLZ-023&f1faee&S',0),('AORI-BLZ-023&f1faee&XXL',10),('AORI-OUT-012&0A2540&S',0),('AORI-OUT-012&0A2540&M',0),('AORI-OUT-012&0A2540&L',0),('AORI-OUT-012&0A2540&XL',0),('AORI-OUT-012&111111&S',0),('AORI-OUT-012&111111&M',0),('AORI-OUT-012&111111&L',0),('AORI-OUT-012&111111&XL',0),('AORI-OUT-012&0a2540&XS',0),('AORI-OUT-012&0a2540&XXL',0),('AORI-OUT-012&111111&XS',0),('AORI-OUT-012&111111&XXL',0),('AORI-TRS-034&ff6b6b&XS',0),('AORI-TRS-034&ff6b6b&XXL',0),('AORI-TRS-034&4ecdc4&XS',0),('AORI-TRS-034&4ecdc4&XXL',0),('AORI-TRS-034&7a7a7a&XS',0),('AORI-TRS-034&7a7a7a&S',0),('AORI-TRS-034&7a7a7a&M',0),('AORI-TRS-034&7a7a7a&L',0),('AORI-TRS-034&7a7a7a&XL',0),('AORI-TRS-034&7a7a7a&XXL',0),('AORI-JNS-021&d62828&XS',0),('AORI-JNS-021&d62828&S',0),('AORI-JNS-021&d62828&XXL',0),('AORI-JNS-021&003049&XS',0),('AORI-JNS-021&003049&S',0),('AORI-JNS-021&003049&XXL',0),('AORI-BTM-005&F5F5F5&XS',0),('AORI-BTM-005&F5F5F5&S',0),('AORI-BTM-005&F5F5F5&M',0),('AORI-BTM-005&F5F5F5&L',0),('AORI-BTM-005&F5F5F5&XL',0),('AORI-BTM-005&C0A080&XS',0),('AORI-BTM-005&C0A080&S',0),('AORI-BTM-005&C0A080&M',0),('AORI-BTM-005&C0A080&L',0),('AORI-BTM-005&C0A080&XL',0),('AORI-BTM-005&f5f5f5&XXL',0),('AORI-BTM-005&c0a080&XXL',0),('AORI-SHT-094&d29d00&XS',0),('AORI-SHT-094&d29d00&S',0),('AORI-SHT-094&d29d00&M',0),('AORI-SHT-094&d29d00&L',0),('AORI-SHT-094&d29d00&XL',0),('AORI-SHT-094&d29d00&XXL',0),('AORI-SHT-094&6b705c&XS',0),('AORI-SHT-094&6b705c&S',0),('AORI-SHT-094&6b705c&XXL',0),('AORI-BTM-002&e6d198&XS',0),('AORI-BTM-002&e6d198&S',0),('AORI-BTM-002&e6d198&M',0),('AORI-BTM-002&e6d198&L',0),('AORI-BTM-002&e6d198&XL',0),('AORI-BTM-002&e6d198&XXL',0),('AORI-BTM-002&dedede&XS',0),('AORI-BTM-002&dedede&S',0),('AORI-BTM-002&dedede&M',0),('AORI-BTM-002&dedede&L',0),('AORI-BTM-002&dedede&XL',0),('AORI-BTM-002&dedede&XXL',0),('AORI-JNS-050&8B4513&L',0),('AORI-JNS-050&8B4513&XL',0),('AORI-JNS-050&8B4513&XXL',0),('AORI-JNS-050&D2691E&M',0),('AORI-JNS-050&D2691E&L',0),('AORI-JNS-050&D2691E&XL',0),('AORI-JNS-050&D2691E&XXL',0),('AORI-JNS-050&15749b&XS',0),('AORI-JNS-050&15749b&S',0),('AORI-JNS-050&15749b&M',0),('AORI-JNS-050&15749b&L',0),('AORI-JNS-050&15749b&XL',0),('AORI-JNS-050&15749b&XXL',0),('AORI-JNS-050&d2691e&XS',0),('AORI-JNS-050&d2691e&S',0),('AORI-TRS-033&787878&XS',0),('AORI-TRS-033&787878&S',0),('AORI-TRS-033&787878&M',0),('AORI-TRS-033&787878&L',0),('AORI-TRS-033&787878&XL',0),('AORI-TRS-033&787878&XXL',0),('AORI-TRS-033&522500&XS',0),('AORI-TRS-033&522500&S',0),('AORI-TRS-033&522500&M',0),('AORI-TRS-033&522500&L',0),('AORI-TRS-033&522500&XL',0),('AORI-TRS-033&522500&XXL',0),('AORI-TRS-096&6A994E&XS',0),('AORI-TRS-096&6A994E&S',0),('AORI-TRS-096&6A994E&M',0),('AORI-JNS-036&8B4513&XS',0),('AORI-TRS-096&6A994E&L',0),('AORI-JNS-036&8B4513&S',0),('AORI-TRS-096&BC4749&XS',0),('AORI-JNS-036&8B4513&M',0),('AORI-TRS-096&BC4749&S',0),('AORI-JNS-036&8B4513&L',0),('AORI-TRS-096&BC4749&M',0),('AORI-JNS-036&D2691E&XS',0),('AORI-TRS-096&BC4749&L',0),('AORI-JNS-036&D2691E&S',0),('AORI-JNS-036&D2691E&M',0),('AORI-JNS-036&D2691E&L',0),('AORI-JNS-036&003947&XS',0),('AORI-JNS-036&003947&S',0),('AORI-TRS-096&131212&XS',0),('AORI-JNS-036&003947&M',0),('AORI-TRS-096&131212&S',0),('AORI-JNS-036&003947&L',0),('AORI-TRS-096&131212&M',0),('AORI-JNS-036&003947&XL',0),('AORI-JNS-036&003947&XXL',0),('AORI-TRS-096&131212&L',0),('AORI-JNS-036&000000&XS',0),('AORI-TRS-096&131212&XL',0),('AORI-JNS-036&000000&S',0),('AORI-TRS-096&131212&XXL',0),('AORI-JNS-036&000000&M',0),('AORI-JNS-036&000000&L',0),('AORI-JNS-036&000000&XL',0),('AORI-JNS-036&000000&XXL',0),('AORI-TRS-096&bc4749&XL',0),('AORI-TRS-096&bc4749&XXL',0),('AORI-SHT-085&FF6B6B&S',0),('AORI-SHT-085&FF6B6B&M',0),('AORI-SHT-085&FF6B6B&L',0),('AORI-SHT-085&4ECDC4&S',0),('AORI-SHT-085&4ECDC4&M',0),('AORI-SHT-085&4ECDC4&L',0),('AORI-SHT-093&FF6B6B&M',0),('AORI-SHT-093&FF6B6B&L',0),('AORI-SHT-093&FF6B6B&XL',0),('AORI-SHT-093&4ECDC4&M',0),('AORI-SHT-093&4ECDC4&L',0),('AORI-SHT-093&4ECDC4&XL',0),('AORI-SHT-085&928f92&XS',0),('AORI-SHT-085&928f92&S',0),('AORI-SHT-085&928f92&M',0),('AORI-SHT-085&928f92&L',0),('AORI-SHT-085&928f92&XL',0),('AORI-SHT-085&928f92&XXL',0),('AORI-SHT-085&4ecdc4&XS',0),('AORI-SHT-085&4ecdc4&XL',0),('AORI-SHT-085&4ecdc4&XXL',0),('AORI-SHT-093&545454&XS',0),('AORI-SHT-093&545454&S',0),('AORI-SHT-093&545454&M',0),('AORI-SHT-093&545454&L',0),('AORI-JNS-092&2C3E50&S',0),('AORI-SHT-093&545454&XL',0),('AORI-JNS-092&2C3E50&M',0),('AORI-SHT-093&545454&XXL',0),('AORI-JNS-092&2C3E50&L',0),('AORI-SHT-093&536e6d&XS',0),('AORI-JNS-092&ECF0F1&S',0),('AORI-SHT-093&536e6d&S',0),('AORI-JNS-092&ECF0F1&M',0),('AORI-SHT-093&536e6d&M',0),('AORI-JNS-092&ECF0F1&L',0),('AORI-SHT-093&536e6d&L',0),('AORI-SHT-093&536e6d&XL',0),('AORI-SHT-093&536e6d&XXL',0),('AORI-JNS-092&708da4&XS',0),('AORI-JNS-092&708da4&S',0),('AORI-JNS-092&708da4&M',0),('AORI-JNS-092&708da4&L',0),('AORI-JNS-092&708da4&XL',0),('AORI-JNS-092&708da4&XXL',0),('AORI-JNS-092&ecf0f1&XS',0),('AORI-JNS-092&ecf0f1&XL',0),('AORI-JNS-092&ecf0f1&XXL',0),('AORI-SHT-081&FF6B6B&XS',0),('AORI-SHT-081&FF6B6B&S',0),('AORI-SHT-081&FF6B6B&M',0),('AORI-SHT-081&FF6B6B&L',0),('AORI-SHT-081&4ECDC4&XS',0),('AORI-SHT-081&4ECDC4&S',0),('AORI-SHT-081&4ECDC4&M',0),('AORI-SHT-081&4ECDC4&L',0),('AORI-BTM-004&0A2540&XS',0),('AORI-BTM-004&0A2540&S',0),('AORI-BTM-004&0A2540&M',0),('AORI-BTM-004&0A2540&L',0),('AORI-BTM-004&0A2540&XL',0),('AORI-BTM-004&111111&XS',0),('AORI-BTM-004&111111&S',0),('AORI-BTM-004&111111&M',0),('AORI-BTM-004&111111&L',0),('AORI-BTM-004&111111&XL',0),('AORI-BTM-004&9ba496&XS',0),('AORI-BTM-004&9ba496&S',0),('AORI-BTM-004&9ba496&M',0),('AORI-BTM-004&9ba496&L',0),('AORI-BTM-004&9ba496&XL',0),('AORI-BTM-004&9ba496&XXL',0),('AORI-BTM-004&111111&XXL',0),('AORI-SHT-081&be7474&XS',0),('AORI-SHT-081&be7474&S',0),('AORI-SHT-081&be7474&M',0),('AORI-SHT-081&be7474&L',0),('AORI-SHT-081&be7474&XL',0),('AORI-SHT-081&be7474&XXL',0),('AORI-SHT-081&4ecdc4&XL',0),('AORI-SHT-081&4ecdc4&XXL',0),('AORI-LWG-019&6B705C&S',0),('AORI-LWG-019&6B705C&M',0),('AORI-LWG-019&6B705C&L',0),('AORI-LWG-019&6B705C&XL',0),('AORI-LWG-019&C0A080&S',10),('AORI-LWG-019&C0A080&M',0),('AORI-LWG-019&C0A080&L',20),('AORI-LWG-019&C0A080&XL',2),('AORI-TSH-059&f2f2f2&XS',0),('AORI-TSH-059&f2f2f2&S',0),('AORI-TSH-059&f2f2f2&M',0),('AORI-TSH-059&f2f2f2&L',0),('AORI-TSH-059&f2f2f2&XL',0),('AORI-LWG-019&878980&XS',0),('AORI-TSH-059&f2f2f2&XXL',0),('AORI-LWG-019&878980&S',0),('AORI-TSH-059&ff6251&XS',0),('AORI-LWG-019&878980&M',0),('AORI-LWG-019&878980&L',0),('AORI-TSH-059&ff6251&S',0),('AORI-LWG-019&878980&XL',0),('AORI-TSH-059&ff6251&M',0),('AORI-LWG-019&878980&XXL',0),('AORI-TSH-059&ff6251&L',0),('AORI-LWG-019&c0a080&XS',10),('AORI-TSH-059&ff6251&XL',0),('AORI-TSH-059&ff6251&XXL',0),('AORI-LWG-019&c0a080&XXL',0),('AORI-POL-048&1A535C&M',0),('AORI-POL-048&1A535C&L',0),('AORI-POL-048&1A535C&XL',0),('AORI-POL-048&1A535C&XXL',0),('AORI-POL-048&4ECDC4&M',0),('AORI-POL-048&4ECDC4&L',0),('AORI-POL-048&4ECDC4&XL',0),('AORI-TSH-017&1A535C&M',0),('AORI-POL-048&4ECDC4&XXL',0),('AORI-TSH-017&1A535C&L',0),('AORI-TSH-017&1A535C&XL',0),('AORI-TSH-017&4ECDC4&M',0),('AORI-TSH-017&4ECDC4&L',0),('AORI-TSH-017&4ECDC4&XL',0),('AORI-TSH-017&036ac7&XS',0),('AORI-TSH-017&036ac7&S',0),('AORI-TSH-017&036ac7&M',0),('AORI-TSH-017&036ac7&L',0),('AORI-TSH-017&036ac7&XL',0),('AORI-TSH-017&036ac7&XXL',0),('AORI-TSH-017&4ecdc4&XS',0),('AORI-TSH-017&4ecdc4&S',0),('AORI-TSH-017&4ecdc4&XXL',0),('AORI-DRS-046&6A994E&M',0),('AORI-DRS-046&6A994E&L',0),('AORI-DRS-046&6A994E&XL',0),('AORI-DRS-046&6A994E&XXL',0),('AORI-DRS-046&BC4749&M',0),('AORI-DRS-046&BC4749&L',0),('AORI-DRS-046&BC4749&XL',0),('AORI-DRS-046&BC4749&XXL',0),('AORI-POL-048&adadad&XS',0),('AORI-POL-048&adadad&S',0),('AORI-POL-048&adadad&M',0),('AORI-POL-048&adadad&L',0),('AORI-POL-048&adadad&XL',0),('AORI-POL-048&adadad&XXL',0),('AORI-POL-048&454545&XS',0),('AORI-POL-048&454545&S',0),('AORI-POL-048&454545&M',0),('AORI-POL-048&454545&L',0),('AORI-POL-048&454545&XL',0),('AORI-POL-048&454545&XXL',0),('AORI-DRS-046&f5f4f6&XS',10),('AORI-DRS-046&f5f4f6&S',10),('AORI-DRS-046&f5f4f6&M',10),('AORI-DRS-046&f5f4f6&L',10),('AORI-DRS-046&f5f4f6&XL',10),('AORI-DRS-046&f5f4f6&XXL',10),('AORI-DRS-046&7a7a7a&XS',0),('AORI-DRS-046&7a7a7a&S',34),('AORI-DRS-046&7a7a7a&M',10),('AORI-DRS-046&7a7a7a&L',28),('AORI-DRS-046&7a7a7a&XL',10),('AORI-DRS-046&7a7a7a&XXL',0),('AORI-POL-031&6A994E&M',0),('AORI-POL-031&6A994E&L',0),('AORI-POL-031&6A994E&XL',0),('AORI-POL-031&6A994E&XXL',0),('AORI-POL-031&BC4749&M',0),('AORI-POL-031&BC4749&L',0),('AORI-POL-031&BC4749&XL',0),('AORI-POL-031&BC4749&XXL',0),('AORI-POL-031&5ca6f5&XS',0),('AORI-POL-031&5ca6f5&S',0),('AORI-POL-031&5ca6f5&M',0),('AORI-POL-031&5ca6f5&L',0),('AORI-POL-031&5ca6f5&XL',0),('AORI-POL-031&5ca6f5&XXL',0),('AORI-POL-031&878787&XS',0),('AORI-POL-031&878787&S',0),('AORI-POL-031&878787&M',0),('AORI-POL-031&878787&L',0),('AORI-TSH-044&6A994E&S',0),('AORI-POL-031&878787&XL',0),('AORI-TSH-044&6A994E&M',0),('AORI-POL-031&878787&XXL',0),('AORI-TSH-044&6A994E&L',0),('AORI-TSH-044&BC4749&S',0),('AORI-TSH-044&BC4749&M',0),('AORI-TSH-044&BC4749&L',0),('AORI-SWT-018&FF6B6B&XS',0),('AORI-SWT-018&FF6B6B&S',0),('AORI-SWT-018&FF6B6B&M',0),('AORI-SWT-018&4ECDC4&XS',0),('AORI-SWT-018&4ECDC4&S',0),('AORI-SWT-018&4ECDC4&M',0),('AORI-TSH-044&b69eb0&XS',0),('AORI-TSH-044&b69eb0&S',0),('AORI-TSH-044&b69eb0&M',0),('AORI-TSH-044&b69eb0&L',0),('AORI-TSH-044&b69eb0&XL',0),('AORI-TSH-044&b69eb0&XXL',0),('AORI-TSH-044&bc4749&XS',0),('AORI-TSH-044&bc4749&XL',0),('AORI-TSH-044&bc4749&XXL',0),('AORI-TSH-044&000000&XS',0),('AORI-TSH-044&000000&S',0),('AORI-TSH-044&000000&M',0),('AORI-TSH-044&000000&L',0),('AORI-TSH-044&000000&XL',0),('AORI-TSH-044&000000&XXL',0),('AORI-POL-073&6A994E&M',0),('AORI-POL-073&6A994E&L',0),('AORI-POL-073&6A994E&XL',0),('AORI-POL-073&BC4749&M',0),('AORI-POL-073&BC4749&L',0),('AORI-POL-073&BC4749&XL',0),('AORI-SWT-018&d09676&XS',10),('AORI-SWT-018&d09676&S',10),('AORI-SWT-018&d09676&M',10),('AORI-SWT-018&d09676&L',10),('AORI-SWT-018&d09676&XL',10),('AORI-SWT-018&d09676&XXL',10),('AORI-SWT-018&828787&XS',0),('AORI-SWT-018&828787&S',0),('AORI-SWT-018&828787&M',0),('AORI-SWT-018&828787&L',0),('AORI-SWT-018&828787&XL',0),('AORI-SWT-018&828787&XXL',0),('AORI-POL-073&757984&XS',0),('AORI-POL-073&757984&S',0),('AORI-POL-073&757984&M',0),('AORI-POL-073&757984&L',0),('AORI-POL-073&757984&XL',0),('AORI-POL-073&757984&XXL',0),('AORI-POL-073&bc4749&XS',0),('AORI-POL-073&bc4749&S',0),('AORI-POL-073&bc4749&XXL',0),('AORI-TSH-047&D62828&M',0),('AORI-TSH-047&D62828&L',0),('AORI-TSH-047&D62828&XL',0),('AORI-TSH-047&D62828&XXL',0),('AORI-TSH-047&003049&M',0),('AORI-TSH-047&003049&L',0),('AORI-TSH-047&003049&XL',0),('AORI-TSH-047&003049&XXL',0),('AORI-TSH-047&727056&XS',0),('AORI-TSH-047&727056&S',0),('AORI-TSH-047&727056&M',0),('AORI-TSH-047&727056&L',0),('AORI-TSH-047&727056&XL',0),('AORI-TSH-047&727056&XXL',0),('AORI-TSH-047&003049&XS',0),('AORI-TSH-047&003049&S',0),('AORI-TSH-001&2C3E50&M',0),('AORI-TSH-001&2C3E50&L',0),('AORI-TSH-001&2C3E50&XL',0),('AORI-TSH-001&2C3E50&XXL',0),('AORI-TSH-001&ECF0F1&M',0),('AORI-TSH-001&ECF0F1&L',0),('AORI-TSH-001&ECF0F1&XL',0),('AORI-TSH-001&ECF0F1&XXL',0),('AORI-TSH-001&e7d4cd&XS',0),('AORI-TSH-001&e7d4cd&S',0),('AORI-TSH-001&e7d4cd&M',0),('AORI-TSH-001&e7d4cd&L',0),('AORI-TSH-001&e7d4cd&XL',0),('AORI-TSH-001&e7d4cd&XXL',0),('AORI-TSH-001&ecf0f1&XS',0),('AORI-TSH-001&ecf0f1&S',0),('AORI-TOP-010&fed716&XS',20),('AORI-TOP-010&fed716&S',30),('AORI-TOP-010&fed716&M',10),('AORI-TOP-010&fed716&L',10),('AORI-TOP-010&fed716&XL',10),('AORI-TOP-010&fed716&XXL',10),('AORI-TOP-010&e4d4c3&XS',0),('AORI-TOP-010&e4d4c3&S',0),('AORI-TOP-010&e4d4c3&M',0),('AORI-TOP-010&e4d4c3&L',0),('AORI-TOP-010&e4d4c3&XL',0),('AORI-TOP-010&e4d4c3&XXL',0),('AORI-POL-028&8B4513&S',0),('AORI-POL-028&8B4513&M',0),('AORI-POL-028&8B4513&L',0),('AORI-POL-028&D2691E&S',10),('AORI-POL-028&D2691E&M',25),('AORI-POL-028&D2691E&L',0),('AORI-DRS-060&2D3142&S',0),('AORI-DRS-060&2D3142&M',0),('AORI-DRS-060&2D3142&L',0),('AORI-DRS-060&2D3142&XL',0),('AORI-DRS-060&BFC0C0&S',0),('AORI-DRS-060&BFC0C0&M',0),('AORI-DRS-060&BFC0C0&L',0),('AORI-DRS-060&BFC0C0&XL',0),('AORI-POL-028&99b8db&XS',10),('AORI-POL-028&99b8db&S',10),('AORI-POL-028&99b8db&M',10),('AORI-POL-028&99b8db&L',20),('AORI-POL-028&99b8db&XL',0),('AORI-POL-028&99b8db&XXL',0),('AORI-POL-028&d2691e&XS',10),('AORI-POL-028&d2691e&XL',0),('AORI-POL-028&d2691e&XXL',0),('AORI-TSH-035&FF6B6B&M',0),('AORI-TSH-035&FF6B6B&L',0),('AORI-TSH-035&FF6B6B&XL',0),('AORI-TSH-035&FF6B6B&XXL',0),('AORI-TSH-035&4ECDC4&M',0),('AORI-TSH-035&4ECDC4&L',0),('AORI-TSH-035&4ECDC4&XL',0),('AORI-TSH-035&4ECDC4&XXL',0),('AORI-DRS-060&3cbea8&XS',0),('AORI-DRS-060&3cbea8&S',30),('AORI-DRS-060&3cbea8&M',40),('AORI-DRS-060&3cbea8&L',50),('AORI-DRS-060&3cbea8&XL',10),('AORI-DRS-060&3cbea8&XXL',0),('AORI-DRS-061&2C3E50&XS',0),('AORI-DRS-061&2C3E50&S',0),('AORI-DRS-061&2C3E50&M',0),('AORI-DRS-061&ECF0F1&XS',0),('AORI-DRS-061&ECF0F1&S',0),('AORI-DRS-061&ECF0F1&M',0),('AORI-TSH-035&8d896e&XS',0),('AORI-TSH-035&8d896e&S',0),('AORI-TSH-035&8d896e&M',0),('AORI-TSH-035&8d896e&L',0),('AORI-TSH-035&8d896e&XL',0),('AORI-TSH-035&8d896e&XXL',0),('AORI-TSH-035&4ecdc4&XS',0),('AORI-TSH-035&4ecdc4&S',0),('AORI-DRS-061&9e0000&XS',0),('AORI-DRS-061&9e0000&S',0),('AORI-DRS-061&9e0000&M',0),('AORI-DRS-061&9e0000&L',0),('AORI-DRS-061&9e0000&XL',0),('AORI-DRS-061&9e0000&XXL',0),('AORI-DRS-061&ecf0f1&L',0),('AORI-DRS-061&ecf0f1&XL',0),('AORI-DRS-061&ecf0f1&XXL',0),('AORI-DRS-004&2D3142&XS',0),('AORI-DRS-004&2D3142&S',0),('AORI-DRS-004&2D3142&M',0),('AORI-DRS-004&2D3142&L',0),('AORI-DRS-004&BFC0C0&XS',0),('AORI-DRS-004&BFC0C0&S',0),('AORI-DRS-004&BFC0C0&M',0),('AORI-DRS-004&BFC0C0&L',0),('AORI-DRS-004&1e3cc2&XS',0),('AORI-DRS-004&1e3cc2&S',0),('AORI-DRS-004&1e3cc2&M',0),('AORI-DRS-004&1e3cc2&L',0),('AORI-DRS-004&1e3cc2&XL',0),('AORI-DRS-004&1e3cc2&XXL',0),('AORI-DRS-004&bfc0c0&XL',0),('AORI-DRS-004&bfc0c0&XXL',0),('AORI-SWT-099&0A2540&XS',0),('AORI-SWT-099&0A2540&L',0),('AORI-SWT-099&6B705C&XS',0),('AORI-SWT-099&6B705C&S',0),('AORI-SWT-099&6B705C&M',0),('AORI-SWT-099&6B705C&L',0),('AORI-SWT-099&f0d268&XS',10),('AORI-SWT-099&f0d268&S',20),('AORI-SWT-099&f0d268&M',30),('AORI-SWT-099&f0d268&L',0),('AORI-SWT-099&f0d268&XL',4),('AORI-SWT-099&f0d268&XXL',0),('AORI-SWT-099&ff6251&XS',2),('AORI-SWT-099&ff6251&S',3),('AORI-SWT-099&ff6251&M',5),('AORI-SWT-099&ff6251&L',4),('AORI-SWT-099&ff6251&XL',1),('AORI-SWT-099&ff6251&XXL',0),('AORI-DRS-066&d57c7e&XS',10),('AORI-DRS-066&d57c7e&S',10),('AORI-DRS-066&d57c7e&M',10),('AORI-DRS-066&d57c7e&L',10),('AORI-DRS-066&d57c7e&XL',10),('AORI-DRS-066&d57c7e&XXL',10),('AORI-SWT-095&D62828&XS',0),('AORI-SWT-095&D62828&S',0),('AORI-SWT-095&D62828&M',0),('AORI-SWT-095&D62828&L',0),('AORI-SWT-095&003049&XS',10),('AORI-SWT-095&003049&S',10),('AORI-SWT-095&003049&M',10),('AORI-SWT-095&003049&L',0),('AORI-SWT-095&c37f72&XS',10),('AORI-SWT-095&c37f72&S',10),('AORI-SWT-095&c37f72&M',10),('AORI-SWT-095&c37f72&L',0),('AORI-SWT-095&c37f72&XL',0),('AORI-SWT-095&c37f72&XXL',0),('AORI-SWT-095&003049&XL',0),('AORI-SWT-095&003049&XXL',0),('AORI-TSH-064&2D3142&XS',0),('AORI-TSH-064&2D3142&S',0),('AORI-TSH-064&2D3142&M',0),('AORI-TSH-064&BFC0C0&XS',0),('AORI-TSH-064&BFC0C0&S',0),('AORI-TSH-064&BFC0C0&M',0),('AORI-TSH-064&dce8e3&XS',0),('AORI-TSH-064&dce8e3&S',0),('AORI-TSH-064&dce8e3&M',0),('AORI-TSH-064&dce8e3&L',0),('AORI-TSH-064&dce8e3&XL',0),('AORI-TSH-064&dce8e3&XXL',0),('AORI-TSH-064&bfc0c0&L',0),('AORI-TSH-064&bfc0c0&XL',0),('AORI-TSH-064&bfc0c0&XXL',0),('AORI-SWT-026&0A2540&L',0),('AORI-SWT-026&0A2540&XL',0),('AORI-SWT-026&6B705C&M',0),('AORI-SWT-026&6B705C&L',0),('AORI-SWT-026&6B705C&XL',0),('AORI-SWT-026&a97335&XS',10),('AORI-SWT-026&a97335&S',10),('AORI-SWT-026&a97335&M',20),('AORI-SWT-026&a97335&L',10),('AORI-SWT-026&a97335&XL',20),('AORI-SWT-026&a97335&XXL',5),('AORI-SWT-026&669c35&XS',0),('AORI-SWT-026&669c35&S',0),('AORI-SWT-026&669c35&M',0),('AORI-SWT-026&669c35&L',0),('AORI-SWT-026&669c35&XL',0),('AORI-SWT-026&669c35&XXL',0),('AORI-SWT-049&8B4513&S',0),('AORI-SWT-049&8B4513&M',0),('AORI-SWT-049&8B4513&L',0),('AORI-SWT-049&8B4513&XL',0),('AORI-SWT-049&D2691E&S',0),('AORI-SWT-049&D2691E&M',0),('AORI-SWT-049&D2691E&L',0),('AORI-SWT-049&D2691E&XL',0),('AORI-TSH-062&000000&XS',0),('AORI-TSH-062&000000&S',0),('AORI-TSH-062&000000&M',0),('AORI-TSH-062&FFFFFF&XS',0),('AORI-TSH-062&FFFFFF&S',0),('AORI-TSH-062&FFFFFF&M',0),('AORI-TSH-062&af95a7&XS',0),('AORI-TSH-062&af95a7&S',0),('AORI-TSH-062&af95a7&M',0),('AORI-TSH-062&af95a7&L',0),('AORI-TSH-062&af95a7&XL',0),('AORI-TSH-062&af95a7&XXL',0),('AORI-TSH-062&831100&XS',0),('AORI-TSH-062&831100&S',0),('AORI-TSH-062&831100&M',0),('AORI-TSH-062&831100&L',0),('AORI-TSH-062&831100&XL',0),('AORI-TSH-062&831100&XXL',0),('AORI-SWT-049&144ba3&XS',0),('AORI-SWT-049&144ba3&S',0),('AORI-SWT-049&144ba3&M',0),('AORI-SWT-049&144ba3&L',0),('AORI-SWT-049&144ba3&XL',0),('AORI-SWT-049&144ba3&XXL',0),('AORI-SWT-049&d9c1af&XS',0),('AORI-SWT-049&d9c1af&S',0),('AORI-SWT-049&d9c1af&M',0),('AORI-SWT-049&d9c1af&L',0),('AORI-SWT-049&d9c1af&XL',0),('AORI-SWT-049&d9c1af&XXL',0),('AORI-SWT-026&848980&XS',10),('AORI-SWT-026&848980&S',20),('AORI-SWT-026&848980&M',10),('AORI-SWT-026&848980&L',10),('AORI-SWT-026&848980&XL',10),('AORI-SWT-026&848980&XXL',10),('AORI-HOD-069&a1947f&XS',0),('AORI-HOD-069&a1947f&S',0),('AORI-HOD-069&a1947f&M',0),('AORI-HOD-069&a1947f&L',0),('AORI-HOD-069&a1947f&XL',0),('AORI-HOD-069&a1947f&XXL',0),('AORI-HOD-069&00a3d7&XS',0),('AORI-HOD-069&00a3d7&S',0),('AORI-HOD-069&00a3d7&M',0),('AORI-HOD-069&00a3d7&L',0),('AORI-HOD-069&00a3d7&XL',0),('AORI-HOD-069&00a3d7&XXL',0),('AORI-HOD-075&eb652c&XS',0),('AORI-HOD-075&eb652c&S',0),('AORI-HOD-075&eb652c&M',0),('AORI-HOD-075&eb652c&L',0),('AORI-HOD-075&eb652c&XL',0),('AORI-HOD-075&eb652c&XXL',0),('AORI-HOD-075&003049&XS',0),('AORI-HOD-075&003049&XL',0),('AORI-HOD-075&003049&XXL',0),('AORI-TOP-008&252524&XS',0),('AORI-TOP-008&252524&S',0),('AORI-TOP-008&252524&M',0),('AORI-TOP-008&252524&L',0),('AORI-TOP-008&252524&XL',0),('AORI-TOP-008&252524&XXL',0),('AORI-TOP-008&0a2540&XXL',0),('AORI-TOP-009&111111&XS',0),('AORI-TOP-009&111111&S',0),('AORI-TOP-009&111111&M',0),('AORI-TOP-009&111111&L',0),('AORI-TOP-009&d5a79f&XS',0),('AORI-TOP-009&d5a79f&S',0),('AORI-TOP-009&d5a79f&M',0),('AORI-TOP-009&d5a79f&L',0),('AORI-TOP-009&d5a79f&XL',0),('AORI-TOP-009&d5a79f&XXL',0),('AORI-TOP-009&d29d00&XS',0),('AORI-TOP-009&d29d00&S',0),('AORI-TOP-009&d29d00&M',0),('AORI-TOP-009&d29d00&L',0),('AORI-TOP-009&d29d00&XL',0),('AORI-TOP-009&d29d00&XXL',0),('AORI-TOP-006&6B705C&XS',0),('AORI-TOP-006&6B705C&S',0),('AORI-TOP-006&6B705C&M',0),('AORI-TOP-006&6B705C&L',0),('AORI-TOP-006&6B705C&XL',0),('AORI-TOP-006&111111&XS',0),('AORI-TOP-006&111111&S',0),('AORI-TOP-006&111111&M',0),('AORI-TOP-006&111111&L',0),('AORI-TOP-006&111111&XL',0),('AORI-TOP-006&dedad0&XS',0),('AORI-TOP-006&dedad0&S',0),('AORI-TOP-006&dedad0&M',0),('AORI-TOP-006&dedad0&L',0),('AORI-TOP-006&dedad0&XL',0),('AORI-TOP-006&dedad0&XXL',0),('AORI-TOP-006&111111&XXL',0),('AORI-SWT-018&d2a68e&XS',10),('AORI-SWT-018&d2a68e&S',10),('AORI-SWT-018&d2a68e&M',10),('AORI-SWT-018&d2a68e&L',10),('AORI-SWT-018&d2a68e&XL',0),('AORI-SWT-018&d2a68e&XXL',0),('AORI-TOP-007&0176bd&XS',0),('AORI-TOP-007&0176bd&S',0),('AORI-TOP-007&0176bd&M',0),('AORI-TOP-007&0176bd&L',0),('AORI-TOP-007&0176bd&XL',0),('AORI-TOP-007&0176bd&XXL',0),('AORI-TOP-007&ad3e00&XS',0),('AORI-TOP-007&ad3e00&S',0),('AORI-TOP-007&ad3e00&M',0),('AORI-TOP-007&ad3e00&L',0),('AORI-TOP-007&ad3e00&XL',0),('AORI-TOP-007&ad3e00&XXL',0),('AORI-BLZ-023&c22431&XS',0),('AORI-BLZ-023&c22431&S',0),('AORI-BLZ-023&c22431&M',0),('AORI-BLZ-023&c22431&L',10),('AORI-BLZ-023&c22431&XL',10),('AORI-BLZ-023&c22431&XXL',10),('AORI-OUT-011&747876&XS',0),('AORI-OUT-011&747876&S',0),('AORI-OUT-011&747876&M',0),('AORI-OUT-011&747876&L',0),('AORI-OUT-011&747876&XL',0),('AORI-OUT-011&747876&XXL',0),('AORI-OUT-011&0a2540&XS',0),('AORI-OUT-011&0a2540&XXL',0),('AORI-JKT-057&2D3142&S',0),('AORI-JKT-057&2D3142&M',0),('AORI-JKT-057&2D3142&L',0),('AORI-JKT-057&BFC0C0&S',0),('AORI-JKT-057&BFC0C0&M',0),('AORI-JKT-057&BFC0C0&L',0),('AORI-BLZ-042&d62828&XS',0),('AORI-BLZ-042&d62828&XL',0),('AORI-BLZ-042&d62828&XXL',0),('AORI-BLZ-042&003049&XS',0),('AORI-BLZ-042&003049&XL',60),('AORI-BLZ-042&003049&XXL',0),('AORI-JKT-057&c78132&XS',0),('AORI-JKT-057&c78132&S',0),('AORI-JKT-057&c78132&M',0),('AORI-JKT-057&c78132&L',0),('AORI-JKT-057&c78132&XL',0),('AORI-JKT-057&c78132&XXL',0),('AORI-JKT-057&0061ff&XS',0),('AORI-JKT-057&0061ff&S',0),('AORI-JKT-057&0061ff&M',0),('AORI-JKT-057&0061ff&L',0),('AORI-JKT-057&0061ff&XL',0),('AORI-JKT-057&0061ff&XXL',0),('AORI-BLZ-082&1A535C&XS',0),('AORI-BLZ-082&1A535C&S',0),('AORI-BLZ-082&1A535C&M',0),('AORI-BLZ-082&1A535C&L',0),('AORI-BLZ-082&4ECDC4&XS',0),('AORI-BLZ-082&4ECDC4&S',0),('AORI-BLZ-082&4ECDC4&M',0),('AORI-BLZ-082&4ECDC4&L',0),('AORI-HOD-041&0A2540&M',0),('AORI-HOD-041&0A2540&L',0),('AORI-HOD-041&0A2540&XL',0),('AORI-HOD-041&6B705C&M',0),('AORI-HOD-041&6B705C&L',0),('AORI-HOD-041&6B705C&XL',0),('AORI-BLZ-082&76b2bc&XS',10),('AORI-BLZ-082&76b2bc&S',10),('AORI-BLZ-082&76b2bc&M',20),('AORI-BLZ-082&76b2bc&L',5),('AORI-BLZ-082&76b2bc&XL',0),('AORI-BLZ-082&76b2bc&XXL',0),('AORI-BLZ-082&828282&XS',10),('AORI-BLZ-082&828282&S',10),('AORI-BLZ-082&828282&M',0),('AORI-BLZ-082&828282&L',9),('AORI-HOD-041&396094&XS',0),('AORI-BLZ-082&828282&XL',0),('AORI-HOD-041&396094&S',0),('AORI-HOD-041&396094&M',0),('AORI-BLZ-082&828282&XXL',0),('AORI-HOD-041&396094&L',0),('AORI-HOD-041&396094&XL',0),('AORI-HOD-041&396094&XXL',0),('AORI-HOD-041&6b705c&XS',0),('AORI-HOD-041&6b705c&S',0),('AORI-HOD-041&6b705c&XXL',0),('AORI-JKT-068&E63946&XS',0),('AORI-JKT-068&E63946&S',0),('AORI-JKT-068&E63946&M',0),('AORI-JKT-068&E63946&L',0),('AORI-JKT-068&F1FAEE&XS',0),('AORI-JKT-068&F1FAEE&S',0),('AORI-JKT-068&F1FAEE&M',0),('AORI-JKT-068&F1FAEE&L',0),('AORI-JKT-068&14161b&XS',0),('AORI-JKT-068&14161b&S',0),('AORI-JKT-068&14161b&M',0),('AORI-JKT-068&14161b&L',0),('AORI-JKT-068&14161b&XL',0),('AORI-JKT-068&14161b&XXL',0),('AORI-JKT-068&006d8f&XS',0),('AORI-JKT-068&006d8f&S',0),('AORI-JKT-068&006d8f&M',0),('AORI-JKT-068&006d8f&L',0),('AORI-JKT-068&006d8f&XL',0),('AORI-JKT-068&006d8f&XXL',0),('AORI-OUT-013&F5F5F5&L',0),('AORI-OUT-013&F5F5F5&XL',0),('AORI-OUT-013&C0A080&S',0),('AORI-OUT-013&C0A080&M',0),('AORI-OUT-013&C0A080&L',0),('AORI-OUT-013&C0A080&XL',0),('AORI-HOD-076&9ecfff&XS',4),('AORI-HOD-076&9ecfff&S',5),('AORI-HOD-076&9ecfff&M',10),('AORI-HOD-076&9ecfff&L',2),('AORI-HOD-076&9ecfff&XL',0),('AORI-HOD-076&9ecfff&XXL',0),('AORI-HOD-076&a0af74&XS',6),('AORI-HOD-076&a0af74&S',8),('AORI-HOD-076&a0af74&M',9),('AORI-HOD-076&a0af74&L',3),('AORI-HOD-076&a0af74&XL',0),('AORI-HOD-076&a0af74&XXL',0),('AORI-JKT-022&8B4513&XS',0),('AORI-JKT-022&8B4513&S',0),('AORI-JKT-022&8B4513&M',0),('AORI-JKT-022&D2691E&XS',0),('AORI-JKT-022&D2691E&S',0),('AORI-JKT-022&D2691E&M',0),('AORI-OUT-013&4a6c83&XS',0),('AORI-OUT-013&4a6c83&S',0),('AORI-OUT-013&4a6c83&M',0),('AORI-OUT-013&4a6c83&L',0),('AORI-OUT-013&4a6c83&XL',0),('AORI-OUT-013&4a6c83&XXL',0),('AORI-OUT-013&232323&XS',0),('AORI-OUT-013&232323&S',0),('AORI-OUT-013&232323&M',0),('AORI-OUT-013&232323&L',0),('AORI-OUT-013&232323&XL',0),('AORI-OUT-013&232323&XXL',0),('AORI-JKT-003&2C3E50&M',0),('AORI-JKT-003&2C3E50&L',0),('AORI-JKT-003&2C3E50&XL',0),('AORI-JKT-003&ECF0F1&M',0),('AORI-JKT-003&ECF0F1&L',0),('AORI-JKT-003&ECF0F1&XL',0),('AORI-JKT-003&b96749&XS',0),('AORI-JKT-003&b96749&S',0),('AORI-JKT-003&b96749&M',0),('AORI-JKT-003&b96749&L',0),('AORI-JKT-003&b96749&XL',0),('AORI-JKT-003&b96749&XXL',0),('AORI-JKT-003&583400&XS',0),('AORI-JKT-003&583400&S',0),('AORI-JKT-003&583400&M',0),('AORI-JKT-003&583400&L',0),('AORI-JKT-003&583400&XL',0),('AORI-JKT-003&583400&XXL',0),('AORI-JKT-052&2D3142&M',0),('AORI-JKT-052&2D3142&L',0),('AORI-JKT-052&2D3142&XL',0),('AORI-JKT-022&0e326c&XS',9),('AORI-JKT-052&BFC0C0&M',0),('AORI-JKT-022&0e326c&S',6),('AORI-JKT-052&BFC0C0&L',0),('AORI-JKT-022&0e326c&M',4),('AORI-JKT-052&BFC0C0&XL',0),('AORI-JKT-022&0e326c&L',4),('AORI-JKT-022&0e326c&XL',2),('AORI-JKT-022&0e326c&XXL',3),('AORI-JKT-022&565452&XS',3),('AORI-JKT-022&565452&S',2),('AORI-JKT-022&565452&M',4),('AORI-JKT-022&565452&L',1),('AORI-JKT-022&565452&XL',4),('AORI-JKT-022&565452&XXL',3),('AORI-LWG-017&111111&S',0),('AORI-LWG-017&111111&M',0),('AORI-LWG-017&111111&L',0),('AORI-LWG-017&111111&XL',0),('AORI-LWG-017&6B705C&S',0),('AORI-LWG-017&6B705C&M',0),('AORI-LWG-017&6B705C&L',0),('AORI-LWG-017&6B705C&XL',0),('AORI-JKT-052&97a591&XS',0),('AORI-JKT-052&97a591&S',0),('AORI-JKT-052&97a591&M',0),('AORI-JKT-052&97a591&L',0),('AORI-JKT-052&97a591&XL',0),('AORI-JKT-052&97a591&XXL',0),('AORI-JKT-052&bfc0c0&XS',0),('AORI-JKT-052&bfc0c0&S',0),('AORI-JKT-052&bfc0c0&XXL',0),('AORI-LWG-017&9c9c9c&XS',10),('AORI-LWG-017&9c9c9c&S',2),('AORI-LWG-017&9c9c9c&M',3),('AORI-LWG-017&9c9c9c&L',1),('AORI-LWG-017&9c9c9c&XL',10),('AORI-LWG-017&9c9c9c&XXL',0),('AORI-LWG-017&4b5b1a&XS',5),('AORI-LWG-017&4b5b1a&S',3),('AORI-LWG-017&4b5b1a&M',6),('AORI-LWG-017&4b5b1a&L',10),('AORI-LWG-017&4b5b1a&XL',0),('AORI-LWG-017&4b5b1a&XXL',0),('AORI-LWG-019&a885a7&XS',10),('AORI-LWG-019&a885a7&S',10),('AORI-LWG-019&a885a7&M',20),('AORI-LWG-019&a885a7&L',10),('AORI-LWG-019&a885a7&XL',10),('AORI-LWG-019&a885a7&XXL',0),('AORI-LWG-016&0A2540&S',0),('AORI-LWG-016&0A2540&M',0),('AORI-LWG-016&0A2540&L',0),('AORI-LWG-016&0A2540&XL',0),('AORI-LWG-016&111111&S',0),('AORI-LWG-016&111111&M',0),('AORI-LWG-016&111111&L',0),('AORI-LWG-016&111111&XL',0),('AORI-LWG-016&a2422a&XS',20),('AORI-LWG-016&a2422a&S',10),('AORI-LWG-016&a2422a&M',5),('AORI-LWG-016&a2422a&L',10),('AORI-LWG-016&a2422a&XL',10),('AORI-LWG-016&a2422a&XXL',10),('AORI-LWG-016&787878&XS',10),('AORI-LWG-016&787878&S',20),('AORI-LWG-016&787878&M',30),('AORI-LWG-016&787878&L',10),('AORI-LWG-016&787878&XL',10),('AORI-LWG-016&787878&XXL',0),('AORI-HOD-030&D62828&XS',0),('AORI-HOD-030&D62828&S',0),('AORI-HOD-030&D62828&M',0),('AORI-HOD-030&003049&XS',0),('AORI-HOD-030&003049&S',0),('AORI-HOD-030&003049&M',0),('AORI-HOD-030&d17a7a&XS',10),('AORI-HOD-030&d17a7a&S',10),('AORI-HOD-030&d17a7a&M',10),('AORI-HOD-030&d17a7a&L',0),('AORI-HOD-030&d17a7a&XL',0),('AORI-HOD-030&d17a7a&XXL',0),('AORI-HOD-030&8d969a&XS',10),('AORI-HOD-030&8d969a&S',10),('AORI-HOD-030&8d969a&M',5),('AORI-HOD-030&8d969a&L',0),('AORI-HOD-030&8d969a&XL',0),('AORI-HOD-030&8d969a&XXL',0),('AORI-JKT-089&8B4513&M',0),('AORI-JKT-089&8B4513&L',0),('AORI-JKT-089&8B4513&XL',0),('AORI-JKT-089&D2691E&M',0),('AORI-JKT-089&D2691E&L',0),('AORI-JKT-089&D2691E&XL',0),('AORI-JKT-089&ac9ee0&XS',10),('AORI-JKT-089&ac9ee0&S',50),('AORI-JKT-089&ac9ee0&M',20),('AORI-JKT-089&ac9ee0&L',4),('AORI-JKT-089&ac9ee0&XL',2),('AORI-JKT-089&ac9ee0&XXL',0),('AORI-JKT-089&a29d9a&XS',5),('AORI-JKT-089&a29d9a&S',6),('AORI-JKT-089&a29d9a&M',10),('AORI-JKT-089&a29d9a&L',20),('AORI-JKT-089&a29d9a&XL',10),('AORI-JKT-089&a29d9a&XXL',0),('AORI-JKT-089&FF6B6B&M',99999),('AORI-LWG-020&111111&S',0),('AORI-LWG-020&111111&M',0),('AORI-LWG-020&111111&L',0),('AORI-LWG-020&111111&XL',0),('AORI-LWG-020&0A2540&S',0),('AORI-LWG-020&0A2540&M',0),('AORI-LWG-020&0A2540&L',0),('AORI-LWG-020&0A2540&XL',0),('AORI-LWG-020&67503d&XS',0),('AORI-LWG-020&67503d&S',0),('AORI-LWG-020&67503d&M',0),('AORI-LWG-020&67503d&L',0),('AORI-LWG-020&67503d&XL',0),('AORI-LWG-020&67503d&XXL',0),('AORI-LWG-020&0a2540&XS',0),('AORI-LWG-020&0a2540&XXL',0);
/*!40000 ALTER TABLE `sku_backup` ENABLE KEYS */;

--
-- Table structure for table `view_history`
--

DROP TABLE IF EXISTS `view_history`;
/*!40101 SET @saved_cs_client     = @@character_set_client */;
/*!50503 SET character_set_client = utf8mb4 */;
CREATE TABLE `view_history` (
  `id` varchar(255) NOT NULL,
  `product_id` varchar(255) DEFAULT NULL,
  `timestamp` bigint DEFAULT NULL,
  `user_id` varchar(255) DEFAULT NULL,
  PRIMARY KEY (`id`)
) ENGINE=InnoDB DEFAULT CHARSET=utf8mb4 COLLATE=utf8mb4_0900_ai_ci;
/*!40101 SET character_set_client = @saved_cs_client */;

--
-- Dumping data for table `view_history`
--

/*!40000 ALTER TABLE `view_history` DISABLE KEYS */;
INSERT INTO `view_history` VALUES ('00784f09-4dff-40e8-83cf-2d0717d906ff','c382dc67-99fe-4e84-9119-dab32b90b99e',1760539350561,'ba97ad88-238f-411d-b469-283b89fa776b'),('05a1b709-e974-44f5-9a9e-3f6a3b9c4300','146bc76e-add8-5866-8f28-0f2872233c8d',1760407429949,'1fbe213d-f416-56ea-8bc1-bfbdf319ae7c'),('06401153-ecea-4b51-9a2a-bd352070f8fb','ce078306-9271-48ab-8017-5325e74a8fae',1760500274012,'ba97ad88-238f-411d-b469-283b89fa776b'),('07e74f27-7464-4e48-a60f-e630ab7fa058','9d480f8f-ec6d-43d3-9277-81d84a1a79aa',1760537682046,'ba97ad88-238f-411d-b469-283b89fa776b'),('09950964-f1c7-460a-8a13-d2317f21f745','09a3cbec-48dd-44ce-bbfd-7bef450f02d2',1760535285741,'bf45acae-a308-59fa-a0a5-52c762a188d4'),('0ad6bbe8-531c-45f5-9cb1-ec7babee702f','0cde8328-83b9-561a-9a4d-9bbd82b92f3d',1760517421984,'c65c61cc-68ec-430b-95b4-b51e06fcf0c7'),('0d377c30-2de6-4272-8be0-de529d5c6e96','2a58e989-7aa4-5bcb-851d-7aeb5e011c6b',1760584551753,'07532ea4-8954-5e60-86da-c1b7844e0a7f'),('0dc7ae1f-bfcf-4bd8-bdd2-ec87df755e5f','146bc76e-add8-5866-8f28-0f2872233c8d',1760580645783,'07532ea4-8954-5e60-86da-c1b7844e0a7f'),('12419032-d84d-448f-83f4-c8f7ca7c1281','c89471d2-b26c-5aaf-b1c9-4bd2be04023c',1760537702972,'ba97ad88-238f-411d-b469-283b89fa776b'),('12ba369d-ad23-4255-bd6b-7b9bc665c861','3ea769c8-a306-4a5d-8f1f-34b389e1ab79',1760536697495,'ba97ad88-238f-411d-b469-283b89fa776b'),('15a16c3a-61a1-4e2e-a7d1-e79b50bb7dca','5768aa76-b142-5f0a-ba39-8a890ea0e6c4',1760533599256,'ba97ad88-238f-411d-b469-283b89fa776b'),('18f2ddac-bf5f-461c-b356-ede247f0a42b','191e5abc-9c47-4492-8f5b-33149592cfa9',1760520613556,'1fbe213d-f416-56ea-8bc1-bfbdf319ae7c'),('1d851193-b291-40a0-9a80-3a748706aad1','a6ed201c-d4fa-4c18-b9d9-0d2eccbe05bc',1760540207403,'ba97ad88-238f-411d-b469-283b89fa776b'),('1e6fb190-d7a7-45fa-ba63-fa317042c1b4','0cde8328-83b9-561a-9a4d-9bbd82b92f3d',1760581707336,'07532ea4-8954-5e60-86da-c1b7844e0a7f'),('215d8eff-7219-408e-9328-a7235e57fc06','0cde8328-83b9-561a-9a4d-9bbd82b92f3d',1760540238332,'ba97ad88-238f-411d-b469-283b89fa776b'),('2233f2f1-1349-4140-8609-14d96189b69e','9d480f8f-ec6d-43d3-9277-81d84a1a79aa',1760537682022,'ba97ad88-238f-411d-b469-283b89fa776b'),('24330739-2493-4f2a-8d55-f6382815385e','521b9a23-d73a-5243-bfde-33a32fcff028',1760594920176,'07532ea4-8954-5e60-86da-c1b7844e0a7f'),('271c0bbe-33e7-4a3d-bd21-2e0941b1f5ec','15fad798-52d1-480f-a9ac-2e3ea7b77365',1760322009811,'ba97ad88-238f-411d-b469-283b89fa776b'),('283a2903-8215-481a-a92e-f6ca03104d39','d1b0f01a-fbab-5efc-8234-82653e3762bf',1760286878782,'ba97ad88-238f-411d-b469-283b89fa776b'),('28f86294-cc3c-467c-af64-8b619e208b12','055c7ea7-25b0-5909-a947-19c4746cb191',1760520591924,'1fbe213d-f416-56ea-8bc1-bfbdf319ae7c'),('2bd43c04-ed0c-46db-bea2-278d0ccfb678','0f3f7ff0-fd00-40e1-96bc-dd00a5ff0bb8',1760535752814,'ba97ad88-238f-411d-b469-283b89fa776b'),('2d4d844f-3221-4e91-8c23-281787e9f26c','055c7ea7-25b0-5909-a947-19c4746cb191',1760535431066,'bf45acae-a308-59fa-a0a5-52c762a188d4'),('3556cb7d-0a1d-4d43-8ec4-69419c62bebe','521b9a23-d73a-5243-bfde-33a32fcff028',1760533831187,'ba97ad88-238f-411d-b469-283b89fa776b'),('37391b06-db3b-45d6-bdf4-ce274d8aa571','67ad8bd5-b6c8-4814-a8ab-b86c6ff5acc9',1760520651391,'1fbe213d-f416-56ea-8bc1-bfbdf319ae7c'),('39eebb32-60c5-4bba-9fb7-c3185e49b99c','18232b53-2f6d-45b2-86c2-66e6079f769f',1760585002048,'07532ea4-8954-5e60-86da-c1b7844e0a7f'),('3a4533c3-6437-4d0a-8f56-e4caaff62359','c89471d2-b26c-5aaf-b1c9-4bd2be04023c',1760537702947,'ba97ad88-238f-411d-b469-283b89fa776b'),('40287752-c9e9-4a56-9a7e-3b7bb58a551f','2a58e989-7aa4-5bcb-851d-7aeb5e011c6b',1760515461346,'ba97ad88-238f-411d-b469-283b89fa776b'),('4b007cca-5288-4062-8e7d-25f2f31d8efa','055c7ea7-25b0-5909-a947-19c4746cb191',1760613107003,'30209cca-0e01-4ad3-8a89-198f3996c520'),('4c0523a6-ab15-47e2-884a-e22cb0489a88','a1fc9468-f231-56a1-9c34-0c2c12ccec72',1760520525953,'1fbe213d-f416-56ea-8bc1-bfbdf319ae7c'),('4d635d0b-6808-476c-b88b-cef3ff2e198a','055c7ea7-25b0-5909-a947-19c4746cb191',1760518447077,'93e46beb-959e-4f7f-8e72-c37f524cabfd'),('5271b6c0-7681-4517-8f01-4846f9e90f0c','18232b53-2f6d-45b2-86c2-66e6079f769f',1760321989300,'ba97ad88-238f-411d-b469-283b89fa776b'),('5566c152-93dc-48e7-9e7e-a94eae8d45e1','09a3cbec-48dd-44ce-bbfd-7bef450f02d2',1760517992081,'93e46beb-959e-4f7f-8e72-c37f524cabfd'),('59f47ab2-3883-448a-9b8b-5d23d82817ef','b7734946-69d7-5b99-a113-f2c2af1cedfc',1760509329730,'ba97ad88-238f-411d-b469-283b89fa776b'),('5fb798f0-6763-4dd6-9f21-cfac6c3700c3','a1fc9468-f231-56a1-9c34-0c2c12ccec72',1760520526046,'1fbe213d-f416-56ea-8bc1-bfbdf319ae7c'),('683b9179-b0a8-448c-a574-aedca423c37b','09a3cbec-48dd-44ce-bbfd-7bef450f02d2',1760413857760,'c65c61cc-68ec-430b-95b4-b51e06fcf0c7'),('701920a1-8998-4596-8b45-73625f307b14','67ad8bd5-b6c8-4814-a8ab-b86c6ff5acc9',1760520651391,'1fbe213d-f416-56ea-8bc1-bfbdf319ae7c'),('74af69ad-c2e8-41e0-9cbb-a1855c829879','0cd5f885-0a9d-48d3-b1af-a363e43e5260',1760539349944,'ba97ad88-238f-411d-b469-283b89fa776b'),('7ba84406-116a-4233-90ad-5ddd24a99ebd','d77eaae7-7d77-58b7-999e-1248de3b0101',1760580572224,'07532ea4-8954-5e60-86da-c1b7844e0a7f'),('8746ace2-5e84-4725-96f3-d12e009d513d','09a3cbec-48dd-44ce-bbfd-7bef450f02d2',1760596135793,'ba97ad88-238f-411d-b469-283b89fa776b'),('8a504d09-8625-4661-a2da-c5c30bd5a0d7','241e5202-2628-472f-9d13-a81e788a5c20',1760499994651,'ba97ad88-238f-411d-b469-283b89fa776b'),('95631854-48c0-4334-87ba-edd62c7b0961','09a3cbec-48dd-44ce-bbfd-7bef450f02d2',1760594834089,'07532ea4-8954-5e60-86da-c1b7844e0a7f'),('972381f8-bc8d-4b5b-a668-879971954ca1','2a58e989-7aa4-5bcb-851d-7aeb5e011c6b',1760584551940,'07532ea4-8954-5e60-86da-c1b7844e0a7f'),('99ec358a-6397-411d-b6fa-d895bbca3efd','055c7ea7-25b0-5909-a947-19c4746cb191',1760596156667,'ba97ad88-238f-411d-b469-283b89fa776b'),('9bdd85d4-27ec-4c54-ab5b-1a4bef6a4289','055c7ea7-25b0-5909-a947-19c4746cb191',1760596628138,'22b3e960-bc5f-4c33-a6df-a87f6bc73b82'),('a68b055b-b27a-495e-812f-35563af2fca8','d71c14d0-e36e-40ed-9a72-1e3b4c88c785',1760540398620,'ba97ad88-238f-411d-b469-283b89fa776b'),('bae97c7f-4dab-4a3a-a4b7-ff1baac124ab','146bc76e-add8-5866-8f28-0f2872233c8d',1760287773545,'ba97ad88-238f-411d-b469-283b89fa776b'),('bd3c6d8d-21eb-408b-8a5b-05bead87884f','055c7ea7-25b0-5909-a947-19c4746cb191',1760517430205,'c65c61cc-68ec-430b-95b4-b51e06fcf0c7'),('c6591f13-3267-4c94-8524-8aefc8c768c2','b9c47144-99a4-4978-abdb-bd2400095cab',1760537801781,'ba97ad88-238f-411d-b469-283b89fa776b'),('c72c6cea-a806-458f-932d-ef50ea9f0f61','191e5abc-9c47-4492-8f5b-33149592cfa9',1760520613569,'1fbe213d-f416-56ea-8bc1-bfbdf319ae7c'),('d80b133c-b9b1-44a3-b4b1-097593c92810','d77eaae7-7d77-58b7-999e-1248de3b0101',1760291359258,'ba97ad88-238f-411d-b469-283b89fa776b'),('d8c35e46-a81a-48a1-8794-9da371e38247','055c7ea7-25b0-5909-a947-19c4746cb191',1760594945619,'07532ea4-8954-5e60-86da-c1b7844e0a7f'),('e2875e83-5372-4547-ba90-4b9084f808e4','16fc4f32-9ee2-42ad-b18b-34b7b5ddd4c0',1760594934466,'07532ea4-8954-5e60-86da-c1b7844e0a7f'),('e57bf82d-0446-4a38-9641-a1f3375cbc35','18232b53-2f6d-45b2-86c2-66e6079f769f',1760585002265,'07532ea4-8954-5e60-86da-c1b7844e0a7f'),('e65028da-3310-48fe-9843-f229d6fb8d56','521b9a23-d73a-5243-bfde-33a32fcff028',1760594920176,'07532ea4-8954-5e60-86da-c1b7844e0a7f'),('e6eed29f-af3f-4a4b-a20b-91e284049b75','87c97c02-ccaa-4c4a-84f8-a7a05f72b67d',1760537684115,'ba97ad88-238f-411d-b469-283b89fa776b'),('e7137688-b72a-48a7-bbe6-68e1a915f5f3','15fad798-52d1-480f-a9ac-2e3ea7b77365',1760586000898,'07532ea4-8954-5e60-86da-c1b7844e0a7f'),('e81078dc-2045-4352-bac1-fd50a0836fc6','04b731a1-2f80-4e2b-abde-c44dbfa086da',1760596142963,'ba97ad88-238f-411d-b469-283b89fa776b'),('e9a11295-0cf1-4a70-8f58-564b8870d95b','09a3cbec-48dd-44ce-bbfd-7bef450f02d2',1760594834106,'07532ea4-8954-5e60-86da-c1b7844e0a7f'),('f277f345-9984-47b7-bb71-14f3e2805c7a','04b731a1-2f80-4e2b-abde-c44dbfa086da',1760585976649,'07532ea4-8954-5e60-86da-c1b7844e0a7f'),('f6a1dfbc-4611-4da4-a54c-7f823055e4f3','5ad692b3-560f-4076-b1cc-6ce879b8400c',1760518164310,'93e46beb-959e-4f7f-8e72-c37f524cabfd'),('f8d62ef9-3d2b-4671-a02a-46cf92a96149','ab7bde08-d788-50a2-b9dd-f4296bbab64d',1760291353772,'ba97ad88-238f-411d-b469-283b89fa776b'),('fef85288-417d-4645-8e0d-6d2a44b6a605','055c7ea7-25b0-5909-a947-19c4746cb191',1760596628458,'22b3e960-bc5f-4c33-a6df-a87f6bc73b82');
/*!40000 ALTER TABLE `view_history` ENABLE KEYS */;

--
-- Table structure for table `wishlist`
--

DROP TABLE IF EXISTS `wishlist`;
/*!40101 SET @saved_cs_client     = @@character_set_client */;
/*!50503 SET character_set_client = utf8mb4 */;
CREATE TABLE `wishlist` (
  `product_id` varchar(36) NOT NULL,
  `customer_id` varchar(36) NOT NULL,
  `created_at` timestamp NULL DEFAULT CURRENT_TIMESTAMP,
  `updated_at` timestamp NULL DEFAULT NULL ON UPDATE CURRENT_TIMESTAMP,
  PRIMARY KEY (`product_id`,`customer_id`),
  KEY `customer_id` (`customer_id`),
  CONSTRAINT `wishlist_ibfk_1` FOREIGN KEY (`product_id`) REFERENCES `product` (`product_id`),
  CONSTRAINT `wishlist_ibfk_2` FOREIGN KEY (`customer_id`) REFERENCES `customer` (`customer_id`)
) ENGINE=InnoDB DEFAULT CHARSET=utf8mb4 COLLATE=utf8mb4_0900_ai_ci;
/*!40101 SET character_set_client = @saved_cs_client */;

--
-- Dumping data for table `wishlist`
--

/*!40000 ALTER TABLE `wishlist` DISABLE KEYS */;
INSERT INTO `wishlist` VALUES ('04b731a1-2f80-4e2b-abde-c44dbfa086da','07532ea4-8954-5e60-86da-c1b7844e0a7f','2025-10-16 11:39:38','2025-10-16 11:39:38'),('04b731a1-2f80-4e2b-abde-c44dbfa086da','30209cca-0e01-4ad3-8a89-198f3996c520','2025-10-16 14:53:24','2025-10-16 14:53:24'),('055c7ea7-25b0-5909-a947-19c4746cb191','22b3e960-bc5f-4c33-a6df-a87f6bc73b82','2025-10-16 14:37:11','2025-10-16 14:37:11'),('055c7ea7-25b0-5909-a947-19c4746cb191','93e46beb-959e-4f7f-8e72-c37f524cabfd','2025-10-15 16:53:28','2025-10-15 16:53:28');
/*!40000 ALTER TABLE `wishlist` ENABLE KEYS */;

--
-- Dumping routines for database 'aori'
--
SET @@SESSION.SQL_LOG_BIN = @MYSQLDUMP_TEMP_LOG_BIN;
/*!40103 SET TIME_ZONE=@OLD_TIME_ZONE */;

/*!40101 SET SQL_MODE=@OLD_SQL_MODE */;
/*!40014 SET FOREIGN_KEY_CHECKS=@OLD_FOREIGN_KEY_CHECKS */;
/*!40014 SET UNIQUE_CHECKS=@OLD_UNIQUE_CHECKS */;
/*!40101 SET CHARACTER_SET_CLIENT=@OLD_CHARACTER_SET_CLIENT */;
/*!40101 SET CHARACTER_SET_RESULTS=@OLD_CHARACTER_SET_RESULTS */;
/*!40101 SET COLLATION_CONNECTION=@OLD_COLLATION_CONNECTION */;
/*!40111 SET SQL_NOTES=@OLD_SQL_NOTES */;

-- Dump completed on 2025-10-16 19:18:07
